Date,Open,High,Low,Close,Adj Close,Volume
2020-01-02,74.05999756,75.15000153,73.79750061,75.08750153,72.27153778,135480400
2020-01-03,74.28749847,75.14499664,74.12500000,74.35749817,71.56892395,146322800
2020-01-06,73.44750214,74.98999786,73.18750000,74.94999695,72.13920593,118387200
2020-01-07,74.95999908,75.22499847,74.37000275,74.59750366,71.79992676,108872000
2020-01-08,74.29000092,76.11000061,74.29000092,75.79750061,72.95492554,132079200
2020-01-09,76.80999756,77.60749817,76.55000305,77.40750122,74.50453186,170108400
2020-01-10,77.65000153,78.16750336,77.06250000,77.58249664,74.67299652,140644800
2020-01-13,77.91000366,79.26750183,77.78749847,79.23999786,76.26833344,121532000
2020-01-14,79.17500305,79.39250183,78.04250336,78.16999817,75.23844147,161954400
2020-01-15,77.96250153,78.87500000,77.38749695,77.83499908,74.91600800,121923600
2020-01-16,78.39749908,78.92500305,78.02249908,78.80999756,75.85443115,108829200
2020-01-17,79.06749725,79.68499756,78.75000000,79.68250275,76.69422913,137816400
2020-01-21,79.29750061,79.75499725,79.00000000,79.14250183,76.17448425,110843200
2020-01-22,79.64499664,79.99749756,79.32749939,79.42500305,76.44638062,101832400
2020-01-23,79.48000336,79.88999939,78.91249847,79.80750275,76.81455231,104472000
2020-01-24,80.06250000,80.83249664,79.37999725,79.57749939,76.59316254,146537600
2020-01-27,77.51499939,77.94249725,76.22000122,77.23750305,74.34090424,161940000
2020-01-28,78.15000153,79.59999847,78.04750061,79.42250061,76.44396210,162234000
2020-01-29,81.11250305,81.96250153,80.34500122,81.08499908,78.04412079,216229200
2020-01-30,80.13500214,81.02249908,79.68750000,80.96749878,77.93103027,126743200
2020-01-31,80.23249817,80.66999817,77.07250214,77.37750244,74.47566223,199588400
2020-02-03,76.07499695,78.37249756,75.55500031,77.16500092,74.27111816,173788400
2020-02-04,78.82749939,79.91000366,78.40750122,79.71250153,76.72310638,136616400
2020-02-05,80.87999725,81.19000244,79.73750305,80.36250305,77.34870148,118826800
2020-02-06,80.64250183,81.30500031,80.06500244,81.30249786,78.25345612,105425600
2020-02-07,80.59249878,80.84999847,79.50000000,80.00749969,77.18981171,117684000
2020-02-10,78.54499817,80.38749695,78.46250153,80.38749695,77.55640411,109348800
2020-02-11,80.90000153,80.97499847,79.67749786,79.90249634,77.08848572,94323200
2020-02-12,80.36750031,81.80500031,80.36750031,81.80000305,78.91914368,113730400
2020-02-13,81.04750061,81.55500031,80.83750153,81.21749878,78.35718536,94747600
2020-02-14,81.18499756,81.49500275,80.71250153,81.23750305,78.37646484,80113600
2020-02-18,78.83999634,79.93750000,78.65249634,79.75000000,76.94136047,152531200
2020-02-19,80.00000000,81.14250183,80.00000000,80.90499878,78.05568695,93984000
2020-02-20,80.65750122,81.16249847,79.55249786,80.07499695,77.25490570,100566000
2020-02-21,79.65499878,80.11250305,77.62500000,78.26249695,75.50624847,129554000
2020-02-24,74.31500244,76.04499817,72.30750275,74.54499817,71.91964722,222195200
2020-02-25,75.23750305,75.63249969,71.53250122,72.01999664,69.48360443,230673600
2020-02-26,71.63249969,74.47000122,71.62500000,73.16249847,70.58585358,198054800
2020-02-27,70.27500153,71.50000000,68.23999786,68.37999725,65.97178650,320605600
2020-02-28,64.31500244,69.60250092,64.09249878,68.33999634,65.93318939,426510000
2020-03-02,70.56999969,75.36000061,69.43000031,74.70249939,72.07161713,341397200
2020-03-03,75.91750336,76.00000000,71.44999695,72.33000183,69.78268433,319475600
2020-03-04,74.11000061,75.84999847,73.28250122,75.68499756,73.01950836,219178400
2020-03-05,73.87999725,74.88749695,72.85250092,73.23000336,70.65097046,187572800
2020-03-06,70.50000000,72.70500183,70.30750275,72.25749969,69.71273804,226176800
2020-03-09,65.93750000,69.52249908,65.75000000,66.54250336,64.19902039,286744800
2020-03-10,69.28500366,71.61000061,67.34249878,71.33499908,68.82270050,285290000
2020-03-11,69.34750366,70.30500031,67.96499634,68.85749817,66.43247223,255598800
2020-03-12,63.98500061,67.50000000,62.00000000,62.05749893,59.87195587,418474000
2020-03-13,66.22250366,69.98000336,63.23749924,69.49250031,67.04511261,370732000
2020-03-16,60.48749924,64.76999664,60.00000000,60.55250168,58.41996765,322423600
2020-03-17,61.87749863,64.40249634,59.59999847,63.21500015,60.98870087,324056000
2020-03-18,59.94250107,62.50000000,59.27999878,61.66749954,59.49569321,300233600
2020-03-19,61.84749985,63.20999908,60.65250015,61.19499969,59.03982925,271857200
2020-03-20,61.79499817,62.95750046,57.00000000,57.31000137,55.29165268,401693200
2020-03-23,57.02000046,57.12500000,53.15250015,56.09249878,54.11702728,336752800
2020-03-24,59.09000015,61.92250061,58.57500076,61.72000122,59.54634094,287531200
2020-03-25,62.68750000,64.56250000,61.07500076,61.38000107,59.21832275,303602000
2020-03-26,61.63000107,64.66999817,61.59000015,64.61000061,62.33456421,252087200
2020-03-27,63.18750000,63.96749878,61.76250076,61.93500137,59.75376892,204216800
2020-03-30,62.68500137,63.88000107,62.34999847,63.70249939,61.45902252,167976400
2020-03-31,63.90000153,65.62249756,63.00000000,63.57249832,61.33359528,197002000
2020-04-01,61.62500000,62.18000031,59.78250122,60.22750092,58.10639954,176218400
2020-04-02,60.08499908,61.28749847,59.22499847,61.23249817,59.07600021,165934000
2020-04-03,60.70000076,61.42499924,59.74250031,60.35250092,58.22699738,129880000
2020-04-06,62.72499847,65.77749634,62.34500122,65.61750031,63.30658340,201820400
2020-04-07,67.69999695,67.92500305,64.75000000,64.85749817,62.57334137,202887200
2020-04-08,65.68499756,66.84249878,65.30750275,66.51750183,64.17485809,168895200
2020-04-09,67.17500305,67.51750183,66.17500305,66.99749756,64.63798523,161834800
2020-04-13,67.07749939,68.42500305,66.45749664,68.31250000,65.90667725,131022800
2020-04-14,70.00000000,72.06250000,69.51249695,71.76249695,69.23516083,194994800
2020-04-15,70.59999847,71.58249664,70.15750122,71.10749817,68.60324097,131154400
2020-04-16,71.84500122,72.05000305,70.58750153,71.67250061,69.14832306,157125200
2020-04-17,71.17250061,71.73750305,69.21499634,70.69999695,68.21009064,215250000
2020-04-20,69.48750305,70.41999817,69.21250153,69.23249817,66.79427338,130015200
2020-04-21,69.06999969,69.31250000,66.35749817,67.09249878,64.72962952,180991600
2020-04-22,68.40249634,69.47499847,68.05000305,69.02500153,66.59406281,116862400
2020-04-23,68.96749878,70.43750000,68.71749878,68.75749969,66.33599854,124814400
2020-04-24,69.30000305,70.75250244,69.25000000,70.74250031,68.25109863,126161200
2020-04-27,70.44999695,71.13500214,69.98750305,70.79250336,68.29933929,117087600
2020-04-28,71.26999664,71.45749664,69.55000305,69.64499664,67.19222260,112004800
2020-04-29,71.18250275,72.41750336,70.97250366,71.93250275,69.39919281,137280800
2020-04-30,72.48999786,73.63249969,72.08750153,73.44999695,70.86322021,183064000
2020-05-01,71.56250000,74.75000000,71.46250153,72.26750183,69.72238922,240616800
2020-05-04,72.29250336,73.42250061,71.58000183,73.29000092,70.70889282,133568000
2020-05-05,73.76499939,75.25000000,73.61499786,74.38999939,71.77011871,147751200
2020-05-06,75.11499786,75.80999756,74.71749878,75.15750122,72.51060486,142333600
2020-05-07,75.80500031,76.29250336,75.49250031,75.93499756,73.26072693,115215200
2020-05-08,76.41000366,77.58750153,76.07250214,77.53250122,75.00444031,133838400
2020-05-11,77.02500153,79.26249695,76.80999756,78.75250244,76.18466949,145946400
2020-05-12,79.45749664,79.92250061,77.72750092,77.85250092,75.31400299,162301200
2020-05-13,78.03749847,78.98750305,75.80249786,76.91249847,74.40468597,200622400
2020-05-14,76.12750244,77.44750214,75.38249969,77.38500214,74.86172485,158929200
2020-05-15,75.08750153,76.97499847,75.05249786,76.92749786,74.41915131,166348400
2020-05-18,78.29250336,79.12500000,77.58000183,78.73999786,76.17255402,135178400
2020-05-19,78.75749969,79.62999725,78.25250244,78.28500366,75.73241425,101729600
2020-05-20,79.16999817,79.87999725,79.12999725,79.80750275,77.20527649,111504800
2020-05-21,79.66500092,80.22250366,78.96749878,79.21250153,76.62967682,102688800
2020-05-22,78.94249725,79.80750275,78.83750153,79.72250366,77.12305450,81803200
2020-05-26,80.87500000,81.05999756,79.12500000,79.18250275,76.60062408,125522000
2020-05-27,79.03500366,79.67749786,78.27249908,79.52749634,76.93439484,112945200
2020-05-28,79.19249725,80.86000061,78.90750122,79.56250000,76.96823883,133560800
2020-05-29,79.81250000,80.28749847,79.11750031,79.48500061,76.89326477,153532400
2020-06-01,79.43750000,80.58750153,79.30249786,80.46250153,77.83888245,80791200
2020-06-02,80.18750000,80.86000061,79.73249817,80.83499908,78.19924927,87642800
2020-06-03,81.16500092,81.55000305,80.57499695,81.27999878,78.62975311,104491200
2020-06-04,81.09750366,81.40499878,80.19499969,80.58000183,77.95257568,87560400
2020-06-05,80.83750153,82.93750000,80.80750275,82.87500000,80.17275238,137250400
2020-06-08,82.56250000,83.40000153,81.83000183,83.36499786,80.64678192,95654400
2020-06-09,83.03500366,86.40249634,83.00250244,85.99749756,83.19342804,147712400
2020-06-10,86.97499847,88.69249725,86.52249908,88.20999908,85.33380127,166651600
2020-06-11,87.32749939,87.76499939,83.87000275,83.97499847,81.23687744,201662400
2020-06-12,86.18000031,86.94999695,83.55500031,84.69999695,81.93824768,200146000
2020-06-15,83.31250000,86.41999817,83.14499664,85.74749756,82.95157623,138808800
2020-06-16,87.86499786,88.30000305,86.18000031,88.01999664,85.14997864,165428800
2020-06-17,88.78749847,88.84999847,87.77249908,87.89749908,85.03147888,114406400
2020-06-18,87.85250092,88.36250305,87.30500031,87.93250275,85.06533051,96820400
2020-06-19,88.66000366,89.13999939,86.28749847,87.43000031,84.57920837,264476000
2020-06-22,87.83499908,89.86499786,87.78749847,89.71749878,86.79215240,135445200
2020-06-23,91.00000000,93.09500122,90.56749725,91.63249969,88.64468384,212155600
2020-06-24,91.25000000,92.19750214,89.62999725,90.01499939,87.07993317,192623200
2020-06-25,90.17500305,91.25000000,89.39250183,91.20999908,88.23595428,137522400
2020-06-26,91.10250092,91.33000183,88.25499725,88.40750122,85.52484131,205256800
2020-06-29,88.31250000,90.54250336,87.81999969,90.44499969,87.49589539,130646000
2020-06-30,90.01999664,91.49500275,90.00000000,91.19999695,88.22630310,140223200
2020-07-01,91.27999878,91.83999634,90.97750092,91.02749634,88.05941010,110737200
2020-07-02,91.96250153,92.61750031,90.91000366,91.02749634,88.05941010,114041600
2020-07-06,92.50000000,93.94499969,92.46749878,93.46250153,90.41503906,118655600
2020-07-07,93.85250092,94.65499878,93.05750275,93.17250061,90.13449097,112424400
2020-07-08,94.18000031,95.37500000,94.08999634,95.34249878,92.23372650,117092000
2020-07-09,96.26249695,96.31749725,94.67250061,95.75250244,92.63034821,125642800
2020-07-10,95.33499908,95.98000336,94.70500183,95.91999817,92.79238129,90257200
2020-07-13,97.26499939,99.95500183,95.25749969,95.47750092,92.36431122,191649200
2020-07-14,94.83999634,97.25499725,93.87750244,97.05750275,93.89281464,170989200
2020-07-15,98.98999786,99.24749756,96.48999786,97.72499847,94.53853607,153198000
2020-07-16,96.56250000,97.40499878,95.90499878,96.52249908,93.37523651,110577600
2020-07-17,96.98750305,97.14749908,95.83999634,96.32749939,93.18659210,92186800
2020-07-20,96.41750336,98.50000000,96.06250000,98.35749817,95.15041351,90318000
2020-07-21,99.17250061,99.25000000,96.74250031,97.00000000,93.83719635,103433200
2020-07-22,96.69249725,97.97499847,96.60250092,97.27249908,94.10079193,89001600
2020-07-23,96.99749756,97.07749939,92.01000214,92.84500122,89.81764221,197004400
2020-07-24,90.98750305,92.97000122,89.14499664,92.61499786,89.59516144,185438800
2020-07-27,93.70999908,94.90499878,93.48000336,94.80999756,91.71858215,121214000
2020-07-28,94.36750031,94.55000305,93.24749756,93.25250244,90.21186829,103625600
2020-07-29,93.75000000,95.23000336,93.71250153,95.04000092,91.94108582,90329200
2020-07-30,94.18750000,96.29750061,93.76750183,96.19000244,93.05360413,158130000
2020-07-31,102.88500214,106.41500092,100.82499695,106.26000214,102.79521942,374336800
2020-08-03,108.19999695,111.63749695,107.89250183,108.93750000,105.38543701,308151200
2020-08-04,109.13249969,110.79000092,108.38749695,109.66500092,106.08921814,173071600
2020-08-05,109.37750244,110.39250183,108.89749908,110.06250000,106.47373962,121776800
2020-08-06,110.40499878,114.41249847,109.79750061,113.90249634,110.18856049,202428800
2020-08-07,113.20500183,113.67500305,110.29250336,111.11250305,107.68333435,198045600
2020-08-10,112.59999847,113.77500153,110.00000000,112.72750092,109.24848175,212403600
2020-08-11,111.97000122,112.48249817,109.10749817,109.37500000,105.99945831,187902400
2020-08-12,110.49749756,113.27500153,110.29750061,113.01000214,109.52225494,165598000
2020-08-13,114.43000031,116.04250336,113.92749786,115.01000214,111.46053314,210082000
2020-08-14,114.83000183,115.00000000,113.04499817,114.90750122,111.36121368,165565200
2020-08-17,116.06250000,116.08750153,113.96250153,114.60749817,111.07045746,119561600
2020-08-18,114.35250092,116.00000000,114.00749969,115.56250000,111.99597931,105633600
2020-08-19,115.98249817,117.16249847,115.61000061,115.70749664,112.13650513,145538000
2020-08-20,115.75000000,118.39250183,115.73249817,118.27500153,114.62477112,126907200
2020-08-21,119.26249695,124.86750031,119.25000000,124.37000275,120.53166962,338054800
2020-08-24,128.69749451,128.78500366,123.93750000,125.85749817,121.97327423,345937600
2020-08-25,124.69750214,125.18000031,123.05249786,124.82499695,120.97260284,211495600
2020-08-26,126.18000031,126.99250031,125.08249664,126.52249908,122.61774445,163022400
2020-08-27,127.14250183,127.48500061,123.83249664,125.01000214,121.15192413,155552400
2020-08-28,126.01249695,126.44249725,124.57749939,124.80750275,120.95568085,187630000
2020-08-31,127.58000183,131.00000000,126.00000000,129.03999329,125.05756378,225702700
2020-09-01,132.75999451,134.80000305,130.52999878,134.17999268,130.03892517,151948100
2020-09-02,137.58999634,137.97999573,127.00000000,131.39999390,127.34469604,200119000
2020-09-03,126.91000366,128.83999634,120.50000000,120.87999725,117.14937592,257599600
2020-09-04,120.06999969,123.69999695,110.88999939,120.95999908,117.22689819,332607200
2020-09-08,113.94999695,118.98999786,112.68000031,112.81999969,109.33812714,231366600
2020-09-09,117.26000214,119.13999939,115.26000214,117.31999969,113.69924927,176940500
2020-09-10,120.36000061,120.50000000,112.50000000,113.48999786,109.98744965,182274400
2020-09-11,114.56999969,115.23000336,110.00000000,112.00000000,108.54341888,180860300
2020-09-14,114.72000122,115.93000031,112.80000305,115.36000061,111.79972839,140150100
2020-09-15,118.33000183,118.83000183,113.61000061,115.54000092,111.97418213,184642000
2020-09-16,115.23000336,116.00000000,112.04000092,112.12999725,108.66943359,154679000
2020-09-17,109.72000122,112.19999695,108.70999908,110.33999634,106.93468475,178011000
2020-09-18,110.40000153,110.87999725,106.08999634,106.83999634,103.54266357,287104900
2020-09-21,104.54000092,110.19000244,103.09999847,110.08000183,106.68267822,195713800
2020-09-22,112.68000031,112.86000061,109.16000366,111.80999756,108.35930634,183055400
2020-09-23,111.62000275,112.11000061,106.76999664,107.12000275,103.81404114,150718700
2020-09-24,105.16999817,110.25000000,105.00000000,108.22000122,104.88011169,167743300
2020-09-25,108.43000031,112.44000244,107.66999817,112.27999878,108.81476593,149981400
2020-09-28,115.01000214,115.31999969,112.77999878,114.95999908,111.41208649,137672400
2020-09-29,114.55000305,115.30999756,113.56999969,114.08999634,110.56893158,99382200
2020-09-30,113.79000092,117.26000214,113.62000275,115.80999756,112.23584747,142675200
2020-10-01,117.63999939,117.72000122,115.83000183,116.79000092,113.18559265,116120400
2020-10-02,112.88999939,115.37000275,112.22000122,113.01999664,109.53195190,144712000
2020-10-05,113.91000366,116.65000153,113.55000305,116.50000000,112.90456390,106243800
2020-10-06,115.69999695,116.12000275,112.25000000,113.16000366,109.66765594,161498200
2020-10-07,114.62000275,115.55000305,114.12999725,115.08000183,111.52838135,96849000
2020-10-08,116.25000000,116.40000153,114.58999634,114.97000122,111.42176056,83477200
2020-10-09,115.27999878,117.00000000,114.91999817,116.97000122,113.36006927,100506900
2020-10-12,120.05999756,125.18000031,119.27999878,124.40000153,120.56074524,240226800
2020-10-13,125.26999664,125.38999939,119.65000153,121.09999847,117.36257935,262330500
2020-10-14,121.00000000,123.02999878,119.62000275,121.19000244,117.44979858,150712000
2020-10-15,118.72000122,121.19999695,118.15000153,120.70999908,116.98461914,112559200
2020-10-16,121.27999878,121.55000305,118.80999756,119.01999664,115.34680176,115393800
2020-10-19,119.95999908,120.41999817,115.66000366,115.98000336,112.40060425,120639300
2020-10-20,116.19999695,118.98000336,115.62999725,117.51000214,113.88338470,124423700
2020-10-21,116.66999817,118.70999908,116.44999695,116.87000275,113.26314545,89946000
2020-10-22,117.44999695,118.04000092,114.58999634,115.75000000,112.17768860,101988000
2020-10-23,116.38999939,116.55000305,114.27999878,115.04000092,111.48961639,82572600
2020-10-26,114.01000214,116.55000305,112.87999725,115.05000305,111.49929810,111850700
2020-10-27,115.48999786,117.27999878,114.54000092,116.59999847,113.00148010,92276800
2020-10-28,115.05000305,115.43000031,111.09999847,111.19999695,107.76811218,143937800
2020-10-29,112.37000275,116.93000031,112.19999695,115.31999969,111.76095581,146129200
2020-10-30,111.05999756,111.98999786,107.72000122,108.86000061,105.50034332,190272600
2020-11-02,109.11000061,110.68000031,107.31999969,108.76999664,105.41310120,122866900
2020-11-03,109.66000366,111.48999786,108.73000336,110.44000244,107.03157043,107624400
2020-11-04,114.13999939,115.58999634,112.34999847,114.94999695,111.40238190,138235500
2020-11-05,117.94999695,119.62000275,116.87000275,119.02999878,115.35646057,126387100
2020-11-06,118.31999969,119.19999695,116.12999725,118.69000244,115.22541809,114457900
2020-11-09,120.50000000,121.98999786,116.05000305,116.31999969,112.92458344,154515300
2020-11-10,115.55000305,117.58999634,114.12999725,115.97000122,112.58480835,138023400
2020-11-11,117.19000244,119.62999725,116.44000244,119.48999786,116.00207520,112295000
2020-11-12,119.62000275,120.52999878,118.56999969,119.20999908,115.73024750,103162300
2020-11-13,119.44000244,119.66999817,117.87000275,119.26000214,115.77879333,81581900
2020-11-16,118.91999817,120.98999786,118.15000153,120.30000305,116.78845215,91183000
2020-11-17,119.55000305,120.66999817,118.95999908,119.38999939,115.90498352,74271000
2020-11-18,118.61000061,119.81999969,118.00000000,118.02999878,114.58468628,76322100
2020-11-19,117.58999634,119.05999756,116.80999756,118.63999939,115.17685699,74113000
2020-11-20,118.63999939,118.76999664,117.29000092,117.33999634,113.91482544,73604300
2020-11-23,117.18000031,117.62000275,113.75000000,113.84999847,110.52667999,127959300
2020-11-24,113.91000366,115.84999847,112.58999634,115.16999817,111.80816650,113874200
2020-11-25,115.55000305,116.75000000,115.16999817,116.02999878,112.64304352,76499200
2020-11-27,116.56999969,117.48999786,116.22000122,116.58999634,113.18669891,46691300
2020-11-30,116.97000122,120.97000122,116.80999756,119.05000305,115.57491302,169410200
2020-12-01,121.01000214,123.47000122,120.01000214,122.72000122,119.13777924,127728200
2020-12-02,122.01999664,123.37000275,120.88999939,123.08000183,119.48728180,89004200
2020-12-03,123.51999664,123.77999878,122.20999908,122.94000244,119.35134125,78967600
2020-12-04,122.59999847,122.86000061,121.51999664,122.25000000,118.68149567,78260400
2020-12-07,122.30999756,124.56999969,122.25000000,123.75000000,120.13771057,86712000
2020-12-08,124.37000275,124.98000336,123.08999634,124.37999725,120.74931335,82225500
2020-12-09,124.52999878,125.94999695,121.00000000,121.77999878,118.22522736,115089200
2020-12-10,120.50000000,123.87000275,120.15000153,123.23999786,119.64260864,81312200
2020-12-11,122.43000031,122.76000214,120.55000305,122.41000366,118.83684540,86939800
2020-12-14,122.59999847,123.34999847,121.54000092,121.77999878,118.22522736,79184500
2020-12-15,124.33999634,127.90000153,124.12999725,127.87999725,124.14715576,157243700
2020-12-16,127.41000366,128.36999512,126.55999756,127.80999756,124.07920074,98208600
2020-12-17,128.89999390,129.58000183,128.03999329,128.69999695,124.94320679,94359800
2020-12-18,128.96000671,129.10000610,126.12000275,126.66000366,122.96276855,192541500
2020-12-21,125.01999664,128.30999756,123.44999695,128.22999573,124.48694611,121251600
2020-12-22,131.61000061,134.41000366,129.64999390,131.88000488,128.03039551,168904800
2020-12-23,132.16000366,132.42999268,130.77999878,130.96000671,127.13724518,88223700
2020-12-24,131.32000732,133.46000671,131.10000610,131.97000122,128.11778259,54930100
2020-12-28,133.99000549,137.33999634,133.50999451,136.69000244,132.70002747,124486200
2020-12-29,138.05000305,138.78999329,134.33999634,134.86999512,130.93312073,121047300
2020-12-30,135.58000183,135.99000549,133.39999390,133.72000122,129.81666565,96452100
2020-12-31,134.08000183,134.74000549,131.72000122,132.69000244,128.81675720,99116600
2021-01-04,133.52000427,133.61000061,126.76000214,129.41000366,125.63247681,143301900
2021-01-05,128.88999939,131.74000549,128.42999268,131.00999451,127.18579102,97664900
2021-01-06,127.72000122,131.05000305,126.37999725,126.59999847,122.90454102,155088000
2021-01-07,128.36000061,131.63000488,127.86000061,130.91999817,127.09840393,109578200
2021-01-08,132.42999268,132.63000488,130.22999573,132.05000305,128.19546509,105158200
2021-01-11,129.19000244,130.16999817,128.50000000,128.97999573,125.21501160,100384500
2021-01-12,128.50000000,129.69000244,126.86000061,128.80000305,125.04031372,91951100
2021-01-13,128.75999451,131.44999695,128.49000549,130.88999939,127.06929016,88636800
2021-01-14,130.80000305,131.00000000,128.75999451,128.91000366,125.14707947,90221800
2021-01-15,128.77999878,130.22000122,127.00000000,127.13999939,123.42874908,111598500
2021-01-19,127.77999878,128.71000671,126.94000244,127.83000183,124.09860229,90757300
2021-01-20,128.66000366,132.49000549,128.55000305,132.02999878,128.17597961,104319500
2021-01-21,133.80000305,139.66999817,133.58999634,136.86999512,132.87472534,120150900
2021-01-22,136.27999878,139.85000610,135.02000427,139.07000732,135.01052856,114459400
2021-01-25,143.07000732,145.08999634,136.53999329,142.91999817,138.74812317,157611700
2021-01-26,143.60000610,144.30000305,141.36999512,143.16000366,138.98114014,98390600
2021-01-27,143.42999268,144.30000305,140.41000366,142.05999756,137.91323853,140843800
2021-01-28,139.52000427,141.99000549,136.69999695,137.08999634,133.08827209,142621100
2021-01-29,135.83000183,136.74000549,130.21000671,131.96000671,128.10809326,177523800
2021-02-01,133.75000000,135.38000488,130.92999268,134.13999939,130.22445679,106239800
2021-02-02,135.72999573,136.30999756,134.61000061,134.99000549,131.04960632,83305400
2021-02-03,135.75999451,135.77000427,133.61000061,133.94000244,130.03027344,89880900
2021-02-04,136.30000305,137.39999390,134.58999634,137.38999939,133.37956238,84183100
2021-02-05,137.35000610,137.41999817,135.86000061,136.75999451,132.96635437,75693800
2021-02-08,136.02999878,136.96000671,134.91999817,136.91000366,133.11216736,71297200
2021-02-09,136.61999512,137.88000488,135.85000610,136.00999451,132.23716736,76774200
2021-02-10,136.47999573,136.99000549,134.39999390,135.38999939,131.63435364,73046600
2021-02-11,135.89999390,136.38999939,133.77000427,135.13000488,131.38157654,64280000
2021-02-12,134.35000610,135.52999878,133.69000244,135.36999512,131.61494446,60145100
2021-02-16,135.49000549,136.00999451,132.78999329,133.19000244,129.49539185,80576300
2021-02-17,131.25000000,132.22000122,129.47000122,130.83999634,127.21054077,97918500
2021-02-18,129.19999695,130.00000000,127.41000366,129.71000671,126.11191559,96856700
2021-02-19,130.24000549,130.71000671,128.80000305,129.86999512,126.26744843,87668800
2021-02-22,128.00999451,129.72000122,125.59999847,126.00000000,122.50482941,103916400
2021-02-23,123.76000214,126.70999908,118.38999939,125.86000061,122.36872101,158273000
2021-02-24,124.94000244,125.55999756,122.23000336,125.34999847,121.87284851,111039900
2021-02-25,124.68000031,126.45999908,120.54000092,120.98999786,117.63379669,148199500
2021-02-26,122.58999634,124.84999847,121.19999695,121.26000214,117.89632416,164560400
2021-03-01,123.75000000,127.93000031,122.79000092,127.79000092,124.24516296,116307900
2021-03-02,128.41000366,128.72000122,125.01000214,125.12000275,121.64923859,102260900
2021-03-03,124.80999756,125.70999908,121.83999634,122.05999756,118.67413330,112966300
2021-03-04,121.75000000,123.59999847,118.62000275,120.12999725,116.79766083,178155000
2021-03-05,120.98000336,121.94000244,117.56999969,121.41999817,118.05186462,153766600
2021-03-08,120.93000031,121.00000000,116.20999908,116.36000061,113.13224030,154376600
2021-03-09,119.02999878,122.05999756,118.79000092,121.08999634,117.73101044,129525800
2021-03-10,121.69000244,122.16999817,119.44999695,119.98000336,116.65180206,111943300
2021-03-11,122.54000092,123.20999908,121.26000214,121.95999908,118.57688141,103026500
2021-03-12,120.40000153,121.16999817,119.16000366,121.02999878,117.67269135,88105100
2021-03-15,121.41000366,124.00000000,120.41999817,123.98999786,120.55057526,92403800
2021-03-16,125.69999695,127.22000122,124.72000122,125.56999969,122.08676147,115227900
2021-03-17,124.05000305,125.86000061,122.33999634,124.76000214,121.29920959,111932600
2021-03-18,122.87999725,123.18000031,120.31999969,120.52999878,117.18655396,121229700
2021-03-19,119.90000153,121.43000031,119.68000031,119.98999786,116.66154480,185549500
2021-03-22,120.33000183,123.87000275,120.26000214,123.38999939,119.96722412,111912300
2021-03-23,123.33000183,124.23999786,122.13999939,122.54000092,119.14080811,95467100
2021-03-24,122.81999969,122.90000153,120.06999969,120.08999634,116.75875092,88530500
2021-03-25,119.54000092,121.66000366,119.00000000,120.58999634,117.24490356,98844700
2021-03-26,120.34999847,121.48000336,118.91999817,121.20999908,117.84770966,94071200
2021-03-29,121.65000153,122.58000183,120.73000336,121.38999939,118.02270508,80819200
2021-03-30,120.11000061,120.40000153,118.86000061,119.90000153,116.57402039,85671900
2021-03-31,121.65000153,123.51999664,121.15000153,122.15000153,118.76161957,118323800
2021-04-01,123.66000366,124.18000031,122.48999786,123.00000000,119.58804321,75089100
2021-04-05,123.87000275,126.16000366,123.06999969,125.90000153,122.40758514,88651200
2021-04-06,126.50000000,127.12999725,125.65000153,126.20999908,122.70901489,80171300
2021-04-07,125.83000183,127.91999817,125.13999939,127.90000153,124.35211945,83466700
2021-04-08,128.94999695,130.38999939,128.52000427,130.36000061,126.74389648,88844600
2021-04-09,129.80000305,133.03999329,129.47000122,133.00000000,129.31063843,106686700
2021-04-12,132.52000427,132.85000610,130.63000488,131.24000549,127.59948730,91420000
2021-04-13,132.44000244,134.66000366,131.92999268,134.42999268,130.70097351,91266500
2021-04-14,134.94000244,135.00000000,131.66000366,132.02999878,128.36752319,87222800
2021-04-15,133.82000732,135.00000000,133.63999939,134.50000000,130.76904297,89347100
2021-04-16,134.30000305,134.66999817,133.27999878,134.16000366,130.43847656,84922400
2021-04-19,133.50999451,135.47000122,133.33999634,134.83999634,131.09960938,94264200
2021-04-20,135.02000427,135.52999878,131.80999756,133.11000061,129.41761780,94812300
2021-04-21,132.36000061,133.75000000,131.30000305,133.50000000,129.79678345,68847100
2021-04-22,133.03999329,134.14999390,131.41000366,131.94000244,128.28005981,84566500
2021-04-23,132.16000366,135.11999512,132.16000366,134.32000732,130.59402466,78657500
2021-04-26,134.83000183,135.05999756,133.55999756,134.72000122,130.98292542,66905100
2021-04-27,135.00999451,135.41000366,134.11000061,134.38999939,130.66207886,66015800
2021-04-28,134.30999756,135.02000427,133.08000183,133.58000183,129.87457275,107760100
2021-04-29,136.47000122,137.07000732,132.44999695,133.47999573,129.77734375,151101000
2021-04-30,131.77999878,133.55999756,131.07000732,131.46000671,127.81336212,109839500
2021-05-03,132.03999329,134.07000732,131.83000183,132.53999329,128.86338806,75135100
2021-05-04,131.19000244,131.49000549,126.69999695,127.84999847,124.30350494,137564700
2021-05-05,129.19999695,130.44999695,127.97000122,128.10000610,124.54656219,84000900
2021-05-06,127.88999939,129.75000000,127.12999725,129.74000549,126.14109039,78128300
2021-05-07,130.85000610,131.25999451,129.47999573,130.21000671,126.81309509,78973300
2021-05-10,129.41000366,129.53999329,126.80999756,126.84999847,123.54074860,88071200
2021-05-11,123.50000000,126.26999664,122.76999664,125.91000366,122.62526703,126142800
2021-05-12,123.40000153,124.63999939,122.25000000,122.76999664,119.56716919,112172300
2021-05-13,124.58000183,126.15000153,124.26000214,124.97000122,121.70978546,105861300
2021-05-14,126.25000000,127.88999939,125.84999847,127.44999695,124.12507629,81918000
2021-05-17,126.81999969,126.93000031,125.16999817,126.26999664,122.97586060,74244600
2021-05-18,126.55999756,126.98999786,124.77999878,124.84999847,121.59288788,63342900
2021-05-19,123.16000366,124.91999817,122.86000061,124.69000244,121.43708038,92612000
2021-05-20,125.23000336,127.72000122,125.09999847,127.30999756,123.98873138,76857100
2021-05-21,127.81999969,128.00000000,125.20999908,125.43000031,122.15776825,79295400
2021-05-24,126.01000214,127.94000244,125.94000244,127.09999847,123.78421783,63092900
2021-05-25,127.81999969,128.32000732,126.31999969,126.90000153,123.58943176,72009500
2021-05-26,126.95999908,127.38999939,126.41999817,126.84999847,123.54074860,56575900
2021-05-27,126.44000244,127.63999939,125.08000183,125.27999878,122.01168823,94625600
2021-05-28,125.56999969,125.80000305,124.55000305,124.61000061,121.35916901,71311100
2021-06-01,125.08000183,125.34999847,123.94000244,124.27999878,121.03776550,67637100
2021-06-02,124.27999878,125.23999786,124.05000305,125.05999756,121.79741669,59278900
2021-06-03,124.68000031,124.84999847,123.12999725,123.54000092,120.31708527,76229200
2021-06-04,124.06999969,126.16000366,123.84999847,125.88999939,122.60578918,75169300
2021-06-07,126.16999817,126.31999969,124.83000183,125.90000153,122.61551666,71057600
2021-06-08,126.59999847,128.46000671,126.20999908,126.73999786,123.43360138,74403800
2021-06-09,127.20999908,127.75000000,126.51999664,127.12999725,123.81343079,56877900
2021-06-10,127.01999664,128.19000244,125.94000244,126.11000061,122.82003021,71186400
2021-06-11,126.52999878,127.44000244,126.09999847,127.34999847,124.02767944,53522400
2021-06-14,127.81999969,130.53999329,127.06999969,130.47999573,127.07604218,96906500
2021-06-15,129.94000244,130.60000610,129.38999939,129.63999939,126.25792694,62746300
2021-06-16,130.36999512,130.88999939,128.46000671,130.14999390,126.75464630,91815000
2021-06-17,129.80000305,132.55000305,129.64999390,131.78999329,128.35186768,96721700
2021-06-18,130.71000671,131.50999451,130.24000549,130.46000671,127.05654907,108953300
2021-06-21,130.30000305,132.41000366,129.21000671,132.30000305,128.84857178,79663300
2021-06-22,132.13000488,134.08000183,131.61999512,133.97999573,130.48474121,74783600
2021-06-23,133.77000427,134.32000732,133.22999573,133.69999695,130.21205139,60214200
2021-06-24,134.44999695,134.63999939,132.92999268,133.41000366,129.92959595,68711000
2021-06-25,133.46000671,133.88999939,132.80999756,133.11000061,129.63745117,70783700
2021-06-28,133.41000366,135.25000000,133.35000610,134.77999878,131.26383972,62111300
2021-06-29,134.80000305,136.49000549,134.35000610,136.33000183,132.77342224,64556100
2021-06-30,136.16999817,137.41000366,135.86999512,136.96000671,133.38700867,63261400
2021-07-01,136.60000610,137.33000183,135.75999451,137.27000427,133.68891907,52485800
2021-07-02,137.89999390,140.00000000,137.75000000,139.96000671,136.30870056,78852600
2021-07-06,140.07000732,143.14999390,140.07000732,142.02000427,138.31495667,108181800
2021-07-07,143.53999329,144.88999939,142.66000366,144.57000732,140.79846191,104911600
2021-07-08,141.58000183,144.05999756,140.66999817,143.24000549,139.50315857,105575500
2021-07-09,142.75000000,145.64999390,142.64999390,145.11000061,141.32438660,99890800
2021-07-12,146.21000671,146.32000732,144.00000000,144.50000000,140.73028564,76299700
2021-07-13,144.02999878,147.46000671,143.63000488,145.63999939,141.84051514,100827100
2021-07-14,148.10000610,149.57000732,147.67999268,149.14999390,145.25897217,127050800
2021-07-15,149.24000549,150.00000000,147.08999634,148.47999573,144.60644531,106820300
2021-07-16,148.46000671,149.75999451,145.88000488,146.38999939,142.57096863,93251400
2021-07-19,143.75000000,144.07000732,141.66999817,142.44999695,138.73376465,121434600
2021-07-20,143.46000671,147.10000610,142.96000671,146.14999390,142.33720398,96350000
2021-07-21,145.52999878,146.13000488,144.63000488,145.39999390,141.60679626,74993500
2021-07-22,145.94000244,148.19999695,145.80999756,146.80000305,142.97029114,77338200
2021-07-23,147.55000305,148.72000122,146.91999817,148.55999756,144.68435669,71447400
2021-07-26,148.27000427,149.83000183,147.69999695,148.99000549,145.10317993,72434100
2021-07-27,149.11999512,149.21000671,145.55000305,146.77000427,142.94104004,104818600
2021-07-28,144.80999756,146.97000122,142.53999329,144.97999573,141.19772339,118931200
2021-07-29,144.69000244,146.55000305,144.58000183,145.63999939,141.84051514,56699500
2021-07-30,144.38000488,146.33000183,144.11000061,145.86000061,142.05479431,70440600
2021-08-02,146.36000061,146.94999695,145.25000000,145.52000427,141.72369385,62880000
2021-08-03,145.80999756,148.03999329,145.17999268,147.36000061,143.51562500,64786600
2021-08-04,147.27000427,147.78999329,146.27999878,146.94999695,143.11634827,56368300
2021-08-05,146.97999573,147.83999634,146.16999817,147.05999756,143.22352600,46397700
2021-08-06,146.35000610,147.11000061,145.63000488,146.13999939,142.54072571,54126800
2021-08-09,146.19999695,146.69999695,145.52000427,146.08999634,142.49197388,48908700
2021-08-10,146.44000244,147.71000671,145.30000305,145.60000610,142.01405334,69023100
2021-08-11,146.05000305,146.72000122,145.52999878,145.86000061,142.26765442,48493500
2021-08-12,146.19000244,149.05000305,145.83999634,148.88999939,145.22300720,72282600
2021-08-13,148.97000122,149.44000244,148.27000427,149.10000610,145.42784119,59375000
2021-08-16,148.53999329,151.19000244,146.47000122,151.11999512,147.39808655,103296000
2021-08-17,150.22999573,151.67999268,149.08999634,150.19000244,146.49101257,92229700
2021-08-18,149.80000305,150.72000122,146.14999390,146.36000061,142.75534058,86326000
2021-08-19,145.02999878,148.00000000,144.50000000,146.69999695,143.08694458,86960300
2021-08-20,147.44000244,148.50000000,146.77999878,148.19000244,144.54025269,60549600
2021-08-23,148.30999756,150.19000244,147.88999939,149.71000671,146.02281189,60131800
2021-08-24,149.44999695,150.86000061,149.14999390,149.61999512,145.93502808,48606400
2021-08-25,149.80999756,150.32000732,147.80000305,148.36000061,144.70610046,58991300
2021-08-26,148.35000610,149.11999512,147.50999451,147.53999329,143.90623474,48597200
2021-08-27,147.47999573,148.75000000,146.83000183,148.60000610,144.94015503,55802400
2021-08-30,149.00000000,153.49000549,148.61000061,153.11999512,149.34883118,90956700
2021-08-31,152.66000366,152.80000305,151.28999329,151.83000183,148.09062195,86453100
2021-09-01,152.83000183,154.97999573,152.33999634,152.50999451,148.75386047,80313700
2021-09-02,153.86999512,154.72000122,152.39999390,153.64999390,149.86575317,71115500
2021-09-03,153.75999451,154.63000488,153.08999634,154.30000305,150.49974060,57808700
2021-09-07,154.97000122,157.25999451,154.38999939,156.69000244,152.83091736,82278300
2021-09-08,156.97999573,157.03999329,153.97999573,155.11000061,151.28984070,74420200
2021-09-09,155.49000549,156.11000061,153.94999695,154.07000732,150.27548218,57305700
2021-09-10,155.00000000,155.47999573,148.69999695,148.97000122,145.30102539,140893200
2021-09-13,150.63000488,151.41999817,148.75000000,149.55000305,145.86677551,102404300
2021-09-14,150.35000610,151.07000732,146.91000366,148.11999512,144.47196960,109296300
2021-09-15,148.55999756,149.44000244,146.36999512,149.02999878,145.35957336,83281300
2021-09-16,148.44000244,148.97000122,147.22000122,148.78999329,145.12547302,68034100
2021-09-17,148.82000732,148.82000732,145.75999451,146.05999756,142.46273804,129868800
2021-09-20,143.80000305,144.83999634,141.27000427,142.94000244,139.41955566,123478900
2021-09-21,143.92999268,144.60000610,142.77999878,143.42999268,139.89746094,75834000
2021-09-22,144.44999695,146.42999268,143.69999695,145.85000610,142.25785828,76404300
2021-09-23,146.64999390,147.08000183,145.63999939,146.83000183,143.21374512,64838200
2021-09-24,145.66000366,147.47000122,145.55999756,146.91999817,143.30149841,53477900
2021-09-27,145.47000122,145.96000671,143.82000732,145.36999512,141.78973389,74150700
2021-09-28,143.25000000,144.75000000,141.69000244,141.91000366,138.41490173,108972300
2021-09-29,142.47000122,144.44999695,142.02999878,142.83000183,139.31225586,74602000
2021-09-30,143.66000366,144.38000488,141.27999878,141.50000000,138.01498413,89056700
2021-10-01,141.89999390,142.91999817,139.11000061,142.64999390,139.13668823,94639600
2021-10-04,141.75999451,142.21000671,138.27000427,139.13999939,135.71315002,98322000
2021-10-05,139.49000549,142.24000549,139.36000061,141.11000061,137.63462830,80861100
2021-10-06,139.47000122,142.14999390,138.36999512,142.00000000,138.50273132,83221100
2021-10-07,143.05999756,144.22000122,142.72000122,143.28999329,139.76089478,61732700
2021-10-08,144.02999878,144.17999268,142.55999756,142.89999390,139.38055420,58773200
2021-10-11,142.27000427,144.80999756,141.80999756,142.80999756,139.29272461,64452200
2021-10-12,143.22999573,143.25000000,141.03999329,141.50999451,138.02476501,73035900
2021-10-13,141.24000549,141.39999390,139.19999695,140.91000366,137.43955994,78762700
2021-10-14,142.11000061,143.88000488,141.50999451,143.75999451,140.21936035,69907100
2021-10-15,143.77000427,144.89999390,143.50999451,144.83999634,141.27275085,67940300
2021-10-18,143.44999695,146.83999634,143.16000366,146.55000305,142.94062805,85589200
2021-10-19,147.00999451,149.16999817,146.55000305,148.75999451,145.09620667,76378900
2021-10-20,148.69999695,149.75000000,148.11999512,149.25999451,145.58389282,58418800
2021-10-21,148.80999756,149.63999939,147.86999512,149.47999573,145.79843140,61421000
2021-10-22,149.69000244,150.17999268,148.63999939,148.69000244,145.02795410,58883400
2021-10-25,148.67999268,149.36999512,147.61999512,148.63999939,144.97912598,50720600
2021-10-26,149.33000183,150.83999634,149.00999451,149.32000732,145.64241028,60893400
2021-10-27,149.36000061,149.72999573,148.49000549,148.85000610,145.18400574,56094900
2021-10-28,149.82000732,153.16999817,149.72000122,152.57000732,148.81237793,100077900
2021-10-29,147.22000122,149.94000244,146.41000366,149.80000305,146.11059570,124953200
2021-11-01,148.99000549,149.69999695,147.80000305,148.96000671,145.29127502,74588300
2021-11-02,148.66000366,151.57000732,148.64999390,150.02000427,146.32514954,69122000
2021-11-03,150.38999939,151.97000122,149.82000732,151.49000549,147.75895691,54511500
2021-11-04,151.58000183,152.42999268,150.63999939,150.96000671,147.24201965,60394600
2021-11-05,151.88999939,152.19999695,150.05999756,151.27999878,147.76950073,65463900
2021-11-08,151.41000366,151.57000732,150.16000366,150.44000244,146.94895935,55020900
2021-11-09,150.19999695,151.42999268,150.05999756,150.80999756,147.31039429,56787900
2021-11-10,150.02000427,150.13000488,147.85000610,147.91999817,144.48745728,65187100
2021-11-11,148.96000671,149.42999268,147.67999268,147.86999512,144.43862915,41000000
2021-11-12,148.42999268,150.39999390,147.47999573,149.99000549,146.50939941,63804000
2021-11-15,150.36999512,151.88000488,149.42999268,150.00000000,146.51925659,59222800
2021-11-16,149.94000244,151.49000549,149.33999634,151.00000000,147.49598694,59256200
2021-11-17,151.00000000,155.00000000,150.99000549,153.49000549,149.92820740,88807000
2021-11-18,153.71000671,158.66999817,153.05000305,157.86999512,154.20657349,137827700
2021-11-19,157.64999390,161.02000427,156.52999878,160.55000305,156.82435608,117305600
2021-11-22,161.67999268,165.69999695,161.00000000,161.02000427,157.28344727,117467900
2021-11-23,161.11999512,161.80000305,159.05999756,161.41000366,157.66441345,96041900
2021-11-24,160.75000000,162.13999939,159.63999939,161.94000244,158.18212891,69463600
2021-11-26,159.57000732,160.44999695,156.36000061,156.80999756,153.17117310,76959800
2021-11-29,159.36999512,161.19000244,158.78999329,160.24000549,156.52159119,88748200
2021-11-30,159.99000549,165.52000427,159.91999817,165.30000305,161.46417236,174048100
2021-12-01,167.47999573,170.30000305,164.52999878,164.77000427,160.94644165,152052500
2021-12-02,158.74000549,164.19999695,157.80000305,163.75999451,159.95985413,136739200
2021-12-03,164.02000427,164.96000671,159.72000122,161.83999634,158.08444214,118023100
2021-12-06,164.28999329,167.88000488,164.27999878,165.32000732,161.48373413,107497000
2021-12-07,169.08000183,171.58000183,168.33999634,171.17999268,167.20771790,120405400
2021-12-08,172.13000488,175.96000671,170.69999695,175.08000183,171.01719666,116998900
2021-12-09,174.91000366,176.75000000,173.91999817,174.55999756,170.50926208,108923700
2021-12-10,175.21000671,179.63000488,174.69000244,179.44999695,175.28578186,115402700
2021-12-13,181.11999512,182.13000488,175.52999878,175.74000549,171.66192627,153237000
2021-12-14,175.25000000,177.74000549,172.21000671,174.33000183,170.28462219,139380400
2021-12-15,175.11000061,179.50000000,172.30999756,179.30000305,175.13926697,131063300
2021-12-16,179.27999878,181.13999939,170.75000000,172.25999451,168.26264954,150185800
2021-12-17,169.92999268,173.47000122,169.69000244,171.13999939,167.16864014,195432700
2021-12-20,168.27999878,170.58000183,167.46000671,169.75000000,165.81088257,107499100
2021-12-21,171.55999756,173.19999695,169.11999512,172.99000549,168.97570801,91185900
2021-12-22,173.03999329,175.86000061,172.14999390,175.63999939,171.56419373,92135300
2021-12-23,175.85000610,176.85000610,175.27000427,176.27999878,172.18933105,68356600
2021-12-27,177.08999634,180.41999817,177.07000732,180.33000183,176.14537048,74919600
2021-12-28,180.16000366,181.33000183,178.52999878,179.28999329,175.12950134,79144300
2021-12-29,179.33000183,180.63000488,178.13999939,179.38000488,175.21737671,62348900
2021-12-30,179.47000122,180.57000732,178.08999634,178.19999695,174.06480408,59773000
2021-12-31,178.08999634,179.22999573,177.25999451,177.57000732,173.44944763,64062300
2022-01-03,177.83000183,182.88000488,177.71000671,182.00999451,177.78637695,104487900
2022-01-04,182.63000488,182.94000244,179.11999512,179.69999695,175.52998352,99310400
2022-01-05,179.61000061,180.16999817,174.63999939,174.91999817,170.86091614,94537600
2022-01-06,172.69999695,175.30000305,171.63999939,172.00000000,168.00866699,96904000
2022-01-07,172.88999939,174.13999939,171.02999878,172.16999817,168.17472839,86709100
2022-01-10,169.08000183,172.50000000,168.16999817,172.19000244,168.19429016,106765600
2022-01-11,172.32000732,175.17999268,170.82000732,175.08000183,171.01719666,76138300
2022-01-12,176.11999512,177.17999268,174.82000732,175.52999878,171.45678711,74805200
2022-01-13,175.77999878,176.61999512,171.78999329,172.19000244,168.19429016,84505800
2022-01-14,171.33999634,173.77999878,171.08999634,173.07000732,169.05384827,80440800
2022-01-18,171.50999451,172.53999329,169.41000366,169.80000305,165.85974121,90956700
2022-01-19,170.00000000,171.08000183,165.94000244,166.22999573,162.37255859,94815000
2022-01-20,166.97999573,169.67999268,164.17999268,164.50999451,160.69245911,91420500
2022-01-21,164.41999817,166.33000183,162.30000305,162.41000366,158.64120483,122848900
2022-01-24,160.02000427,162.30000305,154.69999695,161.61999512,157.86956787,162294600
2022-01-25,158.97999573,162.75999451,157.02000427,159.77999878,156.07223511,115798400
2022-01-26,163.50000000,164.38999939,157.82000732,159.69000244,155.98432922,108275300
2022-01-27,162.44999695,163.83999634,158.27999878,159.22000122,155.52525330,121954600
2022-01-28,165.71000671,170.35000610,162.80000305,170.33000183,166.37742615,179935700
2022-01-31,170.16000366,175.00000000,169.50999451,174.77999878,170.72418213,115541600
2022-02-01,174.00999451,174.83999634,172.30999756,174.61000061,170.55812073,86213900
2022-02-02,174.75000000,175.88000488,173.33000183,175.83999634,171.75956726,84914300
2022-02-03,174.47999573,176.24000549,172.11999512,172.89999390,168.88778687,89418100
2022-02-04,171.67999268,174.10000610,170.67999268,172.38999939,168.60415649,82465400
2022-02-07,172.86000061,173.94999695,170.94999695,171.66000366,167.89019775,77251200
2022-02-08,171.72999573,175.35000610,171.42999268,174.83000183,170.99057007,74829200
2022-02-09,176.05000305,176.64999390,174.89999390,176.27999878,172.40872192,71285000
2022-02-10,174.13999939,175.47999573,171.55000305,172.11999512,168.34008789,90865900
2022-02-11,172.33000183,173.08000183,168.03999329,168.63999939,164.93652344,98670700
2022-02-14,167.36999512,169.58000183,166.55999756,168.88000488,165.17124939,86185500
2022-02-15,170.97000122,172.94999695,170.25000000,172.78999329,168.99539185,62527400
2022-02-16,171.85000610,173.33999634,170.05000305,172.55000305,168.76066589,61177400
2022-02-17,171.02999878,171.91000366,168.47000122,168.88000488,165.17124939,69589300
2022-02-18,169.82000732,170.53999329,166.19000244,167.30000305,163.62593079,82772700
2022-02-22,164.97999573,166.69000244,162.14999390,164.32000732,160.71139526,91162800
2022-02-23,165.53999329,166.14999390,159.75000000,160.07000732,156.55470276,90009200
2022-02-24,152.58000183,162.85000610,152.00000000,162.74000549,159.16610718,141147500
2022-02-25,163.83999634,165.11999512,160.86999512,164.85000610,161.22978210,91974200
2022-02-28,163.05999756,165.41999817,162.42999268,165.11999512,161.49385071,95056600
2022-03-01,164.69999695,166.60000610,161.97000122,163.19999695,159.61596680,83474400
2022-03-02,164.38999939,167.36000061,162.94999695,166.55999756,162.90219116,79724800
2022-03-03,168.47000122,168.91000366,165.55000305,166.22999573,162.57942200,76678400
2022-03-04,164.49000549,165.55000305,162.10000610,163.16999817,159.58665466,83737200
2022-03-07,163.36000061,165.02000427,159.03999329,159.30000305,155.80165100,96418800
2022-03-08,158.82000732,162.88000488,155.80000305,157.44000244,153.98249817,131148300
2022-03-09,161.47999573,163.41000366,159.41000366,162.94999695,159.37144470,91454900
2022-03-10,160.19999695,160.38999939,155.97999573,158.52000427,155.03877258,105342000
2022-03-11,158.92999268,159.27999878,154.50000000,154.72999573,151.33200073,96970100
2022-03-14,151.44999695,154.11999512,150.10000610,150.61999512,147.31227112,108732100
2022-03-15,150.89999390,155.57000732,150.38000488,155.08999634,151.68406677,92964300
2022-03-16,157.05000305,160.00000000,154.46000671,159.58999634,156.08525085,102300200
2022-03-17,158.61000061,161.00000000,157.63000488,160.61999512,157.09262085,75615400
2022-03-18,160.50999451,164.47999573,159.75999451,163.97999573,160.37887573,123511700
2022-03-21,163.50999451,166.35000610,163.00999451,165.38000488,161.74810791,95811400
2022-03-22,165.50999451,169.41999817,164.91000366,168.82000732,165.11256409,81532000
2022-03-23,167.99000549,172.63999939,167.64999390,170.21000671,166.47204590,98062700
2022-03-24,171.05999756,174.13999939,170.21000671,174.07000732,170.24728394,90131400
2022-03-25,173.88000488,175.27999878,172.75000000,174.72000122,170.88301086,80546200
2022-03-28,172.16999817,175.72999573,172.00000000,175.60000610,171.74371338,90371900
2022-03-29,176.69000244,179.00999451,176.33999634,178.96000671,175.02989197,100589400
2022-03-30,178.55000305,179.61000061,176.69999695,177.77000427,173.86601257,92633200
2022-03-31,177.83999634,178.02999878,174.39999390,174.61000061,170.77542114,103049300
2022-04-01,174.02999878,174.88000488,171.94000244,174.30999756,170.48200989,78751300
2022-04-04,174.57000732,178.49000549,174.44000244,178.44000244,174.52130127,76468400
2022-04-05,177.50000000,178.30000305,174.41999817,175.05999756,171.21553040,73401800
2022-04-06,172.36000061,173.63000488,170.13000488,171.83000183,168.05645752,89058800
2022-04-07,171.16000366,173.36000061,169.85000610,172.13999939,168.35969543,77594700
2022-04-08,171.77999878,171.77999878,169.19999695,170.08999634,166.35466003,76575500
2022-04-11,168.71000671,169.02999878,165.50000000,165.75000000,162.10997009,72246700
2022-04-12,168.02000427,169.86999512,166.63999939,167.66000366,163.97804260,79265200
2022-04-13,167.38999939,171.03999329,166.77000427,170.39999390,166.65786743,70618900
2022-04-14,170.61999512,171.27000427,165.03999329,165.28999329,161.66006470,75329400
2022-04-18,163.91999817,166.60000610,163.57000732,165.07000732,161.44491577,69023900
2022-04-19,165.02000427,167.82000732,163.91000366,167.39999390,163.72375488,67723800
2022-04-20,168.75999451,168.88000488,166.10000610,167.22999573,163.55746460,67929800
2022-04-21,168.91000366,171.52999878,165.91000366,166.41999817,162.76528931,87227800
2022-04-22,166.46000671,167.86999512,161.50000000,161.78999329,158.23692322,84882400
2022-04-25,161.11999512,163.16999817,158.46000671,162.88000488,159.30299377,96046400
2022-04-26,162.25000000,162.33999634,156.72000122,156.80000305,153.35655212,95623200
2022-04-27,155.91000366,159.78999329,155.38000488,156.57000732,153.13162231,88063200
2022-04-28,159.25000000,164.52000427,158.92999268,163.63999939,160.04634094,130216800
2022-04-29,161.83999634,166.19999695,157.25000000,157.64999390,154.18786621,131747600
2022-05-02,156.71000671,158.22999573,153.27000427,157.96000671,154.49110413,123055300
2022-05-03,158.14999390,160.71000671,156.32000732,159.47999573,155.97769165,88966500
2022-05-04,159.66999817,166.47999573,159.25999451,166.02000427,162.37403870,108256500
2022-05-05,163.85000610,164.08000183,154.94999695,156.77000427,153.32720947,130525300
2022-05-06,156.00999451,159.44000244,154.17999268,157.27999878,154.05204773,116124600
2022-05-09,154.92999268,155.83000183,151.49000549,152.05999756,148.93914795,131577900
2022-05-10,155.52000427,156.74000549,152.92999268,154.50999451,151.33885193,115366700
2022-05-11,153.50000000,155.44999695,145.80999756,146.50000000,143.49322510,142689800
2022-05-12,142.77000427,146.19999695,138.80000305,142.55999756,139.63412476,182602000
2022-05-13,144.58999634,148.10000610,143.11000061,147.11000061,144.09075928,113990900
2022-05-16,145.55000305,147.52000427,144.17999268,145.53999329,142.55297852,86643800
2022-05-17,148.86000061,149.77000427,146.67999268,149.24000549,146.17703247,78336300
2022-05-18,146.85000610,147.36000061,139.89999390,140.82000732,137.92982483,109742900
2022-05-19,139.88000488,141.66000366,136.60000610,137.35000610,134.53105164,136095600
2022-05-20,139.08999634,140.69999695,132.61000061,137.58999634,134.76611328,137426100
2022-05-23,137.78999329,143.25999451,137.64999390,143.11000061,140.17282104,117726300
2022-05-24,140.80999756,141.97000122,137.33000183,140.36000061,137.47930908,104132700
2022-05-25,138.42999268,141.78999329,138.33999634,140.52000427,137.63600159,92482700
2022-05-26,137.38999939,144.33999634,137.13999939,143.77999878,140.82910156,90601500
2022-05-27,145.38999939,149.67999268,145.25999451,149.63999939,146.56878662,90978500
2022-05-31,149.07000732,150.66000366,146.83999634,148.83999634,145.78524780,103718400
2022-06-01,149.89999390,151.74000549,147.67999268,148.71000671,145.65791321,74286600
2022-06-02,147.83000183,151.27000427,146.86000061,151.21000671,148.10658264,72348100
2022-06-03,146.89999390,147.97000122,144.46000671,145.38000488,142.39625549,88570300
2022-06-06,147.02999878,148.57000732,144.89999390,146.13999939,143.14064026,71598400
2022-06-07,144.35000610,149.00000000,144.10000610,148.71000671,145.65791321,67808200
2022-06-08,148.58000183,149.86999512,147.46000671,147.96000671,144.92329407,53950200
2022-06-09,147.08000183,147.94999695,142.52999878,142.63999939,139.71247864,69473000
2022-06-10,140.27999878,140.75999451,137.05999756,137.13000488,134.31559753,91437900
2022-06-13,132.86999512,135.19999695,131.44000244,131.88000488,129.17333984,122207100
2022-06-14,133.13000488,133.88999939,131.47999573,132.75999451,130.03523254,84784300
2022-06-15,134.28999329,137.33999634,132.16000366,135.42999268,132.65043640,91533000
2022-06-16,132.08000183,132.38999939,129.03999329,130.05999756,127.39066315,108123900
2022-06-17,130.07000732,133.08000183,129.80999756,131.55999756,128.85987854,134520300
2022-06-21,133.41999817,137.05999756,133.32000732,135.86999512,133.08142090,81000500
2022-06-22,134.78999329,137.75999451,133.91000366,135.35000610,132.57211304,73409200
2022-06-23,136.82000732,138.58999634,135.63000488,138.27000427,135.43214417,72433800
2022-06-24,139.89999390,141.91000366,139.77000427,141.66000366,138.75259399,89116800
2022-06-27,142.69999695,143.49000549,140.97000122,141.66000366,138.75259399,70207900
2022-06-28,142.13000488,143.41999817,137.32000732,137.44000244,134.61923218,67083400
2022-06-29,137.46000671,140.66999817,136.66999817,139.22999573,136.37248230,66242400
2022-06-30,137.25000000,138.36999512,133.77000427,136.72000122,133.91395569,98964500
2022-07-01,136.03999329,139.03999329,135.66000366,138.92999268,136.07862854,71051600
2022-07-05,137.77000427,141.61000061,136.92999268,141.55999756,138.65463257,73353800
2022-07-06,141.35000610,144.11999512,141.08000183,142.91999817,139.98674011,74064300
2022-07-07,143.28999329,146.55000305,143.27999878,146.35000610,143.34634399,66253700
2022-07-08,145.25999451,147.55000305,145.00000000,147.03999329,144.02218628,64547800
2022-07-11,145.66999817,146.63999939,143.77999878,144.86999512,141.89669800,63141600
2022-07-12,145.75999451,148.44999695,145.05000305,145.86000061,142.86639404,77588800
2022-07-13,142.99000549,146.44999695,142.11999512,145.49000549,142.50396729,71185600
2022-07-14,144.08000183,148.94999695,143.25000000,148.47000122,145.42280579,78140700
2022-07-15,149.77999878,150.86000061,148.19999695,150.16999817,147.08795166,76259900
2022-07-18,150.74000549,151.57000732,146.69999695,147.07000732,144.05157471,81420900
2022-07-19,147.91999817,151.22999573,146.91000366,151.00000000,147.90092468,82982400
2022-07-20,151.11999512,153.72000122,150.36999512,153.03999329,149.89904785,64823400
2022-07-21,154.50000000,155.57000732,151.94000244,155.35000610,152.16160583,65086600
2022-07-22,155.38999939,156.27999878,153.41000366,154.08999634,150.92750549,66675400
2022-07-25,154.00999451,155.03999329,152.27999878,152.94999695,149.81088257,53623900
2022-07-26,152.25999451,153.08999634,150.80000305,151.60000610,148.48855591,55138700
2022-07-27,152.58000183,157.33000183,152.16000366,156.78999329,153.57205200,78620700
2022-07-28,156.97999573,157.63999939,154.41000366,157.35000610,154.12059021,81378700
2022-07-29,161.24000549,163.63000488,159.50000000,162.50999451,159.17460632,101786900
2022-08-01,161.00999451,163.58999634,160.88999939,161.50999451,158.19517517,67829400
2022-08-02,160.10000610,162.41000366,159.63000488,160.00999451,156.72596741,59907000
2022-08-03,160.83999634,166.58999634,160.75000000,166.13000488,162.72038269,82507500
2022-08-04,166.00999451,167.19000244,164.42999268,165.80999756,162.40698242,55474100
2022-08-05,163.21000671,165.85000610,163.00000000,165.35000610,162.18135071,56697000
2022-08-08,166.36999512,167.80999756,164.19999695,164.86999512,161.71054077,60276900
2022-08-09,164.02000427,165.82000732,163.25000000,164.91999817,161.75964355,63135500
2022-08-10,167.67999268,169.33999634,166.89999390,169.24000549,165.99681091,70170500
2022-08-11,170.05999756,170.99000549,168.19000244,168.49000549,165.26118469,57149200
2022-08-12,169.82000732,172.16999817,169.39999390,172.10000610,168.80200195,68039400
2022-08-15,171.52000427,173.38999939,171.35000610,173.19000244,169.87106323,54091700
2022-08-16,172.77999878,173.71000671,171.66000366,173.02999878,169.71415710,56377100
2022-08-17,172.77000427,176.14999390,172.57000732,174.55000305,171.20500183,79542000
2022-08-18,173.75000000,174.89999390,173.11999512,174.14999390,170.81272888,62290100
2022-08-19,173.02999878,173.74000549,171.30999756,171.52000427,168.23315430,70346300
2022-08-22,169.69000244,169.86000061,167.13999939,167.57000732,164.35881042,69026800
2022-08-23,167.08000183,168.71000671,166.64999390,167.22999573,164.02529907,54147100
2022-08-24,167.32000732,168.11000061,166.25000000,167.52999878,164.31958008,53841500
2022-08-25,168.77999878,170.13999939,168.35000610,170.02999878,166.77163696,51218200
2022-08-26,170.57000732,171.05000305,163.55999756,163.61999512,160.48448181,78961000
2022-08-29,161.14999390,162.89999390,159.82000732,161.38000488,158.28739929,73314000
2022-08-30,162.13000488,162.55999756,157.72000122,158.91000366,155.86476135,77906200
2022-08-31,160.30999756,160.58000183,157.13999939,157.22000122,154.20712280,87991100
2022-09-01,156.63999939,158.41999817,154.66999817,157.96000671,154.93299866,74229900
2022-09-02,159.75000000,160.36000061,154.97000122,155.80999756,152.82415771,76957800
2022-09-06,156.47000122,157.08999634,153.69000244,154.52999878,151.56869507,73714800
2022-09-07,154.82000732,156.66999817,153.61000061,155.96000671,152.97132874,87449600
2022-09-08,154.63999939,156.36000061,152.67999268,154.46000671,151.50004578,84923800
2022-09-09,155.47000122,157.82000732,154.75000000,157.36999512,154.35426331,68028800
2022-09-12,159.58999634,164.25999451,159.30000305,163.42999268,160.29812622,104956000
2022-09-13,159.89999390,160.53999329,153.36999512,153.83999634,150.89190674,122656600
2022-09-14,154.78999329,157.10000610,153.61000061,155.30999756,152.33374023,87965400
2022-09-15,154.64999390,155.24000549,151.38000488,152.36999512,149.45008850,90481100
2022-09-16,151.21000671,151.35000610,148.36999512,150.69999695,147.81207275,162278800
2022-09-19,149.30999756,154.55999756,149.10000610,154.47999573,151.51965332,81474200
2022-09-20,153.39999390,158.08000183,153.08000183,156.89999390,153.89328003,107689800
2022-09-21,157.33999634,158.74000549,153.60000610,153.72000122,150.77421570,101696800
2022-09-22,152.38000488,154.47000122,150.91000366,152.74000549,149.81297302,86652500
2022-09-23,151.19000244,151.47000122,148.55999756,150.42999268,147.54725647,96029900
2022-09-26,149.66000366,153.77000427,149.63999939,150.77000427,147.88073730,93339400
2022-09-27,152.74000549,154.72000122,149.94999695,151.75999451,148.85179138,84442700
2022-09-28,147.63999939,150.63999939,144.83999634,149.83999634,146.96858215,146691400
2022-09-29,146.10000610,146.72000122,140.67999268,142.47999573,139.74961853,128138200
2022-09-30,141.27999878,143.10000610,138.00000000,138.19999695,135.55163574,124925300
2022-10-03,138.21000671,143.07000732,137.69000244,142.44999695,139.72018433,114311700
2022-10-04,145.02999878,146.22000122,144.25999451,146.10000610,143.30020142,87830100
2022-10-05,144.07000732,147.38000488,143.00999451,146.39999390,143.59451294,79471000
2022-10-06,145.80999756,147.53999329,145.22000122,145.42999268,142.64308167,68402200
2022-10-07,142.53999329,143.10000610,139.44999695,140.08999634,137.40541077,85925600
2022-10-10,140.41999817,141.88999939,138.57000732,140.41999817,137.72903442,74899000
2022-10-11,139.89999390,141.35000610,138.22000122,138.97999573,136.31668091,77033700
2022-10-12,139.13000488,140.36000061,138.16000366,138.33999634,135.68896484,70433700
2022-10-13,134.99000549,143.58999634,134.36999512,142.99000549,140.24984741,113224000
2022-10-14,144.30999756,144.52000427,138.19000244,138.38000488,135.72819519,88598000
2022-10-17,141.07000732,142.89999390,140.27000427,142.41000366,139.68096924,85250900
2022-10-18,145.49000549,146.69999695,140.61000061,143.75000000,140.99526978,99136600
2022-10-19,141.69000244,144.94999695,141.50000000,143.86000061,141.10316467,61758300
2022-10-20,143.02000427,145.88999939,142.64999390,143.38999939,140.64213562,64522000
2022-10-21,142.86999512,147.85000610,142.64999390,147.27000427,144.44781494,86548600
2022-10-24,147.19000244,150.22999573,146.00000000,149.44999695,146.58602905,75981900
2022-10-25,150.08999634,152.49000549,149.36000061,152.33999634,149.42066956,74732300
2022-10-26,150.96000671,151.99000549,148.03999329,149.35000610,146.48794556,88194300
2022-10-27,148.07000732,149.05000305,144.13000488,144.80000305,142.02514648,109180200
2022-10-28,148.19999695,157.50000000,147.82000732,155.74000549,152.75552368,164762400
2022-10-31,153.16000366,154.24000549,151.91999817,153.33999634,150.40150452,97943200
2022-11-01,155.08000183,155.44999695,149.13000488,150.64999390,147.76306152,80379300
2022-11-02,148.94999695,152.16999817,145.00000000,145.02999878,142.25071716,93604600
2022-11-03,142.05999756,142.80000305,138.75000000,138.88000488,136.21859741,97918500
2022-11-04,142.08999634,142.66999817,134.38000488,138.38000488,135.95333862,140814800
2022-11-07,137.11000061,139.14999390,135.66999817,138.91999817,136.48387146,83374600
2022-11-08,140.41000366,141.42999268,137.49000549,139.50000000,137.05368042,89908500
2022-11-09,138.50000000,138.55000305,134.58999634,134.86999512,132.50486755,74917800
2022-11-10,141.24000549,146.86999512,139.50000000,146.86999512,144.29443359,118854000
2022-11-11,145.82000732,150.00999451,144.36999512,149.69999695,147.07478333,93979700
2022-11-14,148.97000122,150.27999878,147.42999268,148.27999878,145.67971802,73374100
2022-11-15,152.22000122,153.58999634,148.55999756,150.03999329,147.40887451,89868300
2022-11-16,149.13000488,149.86999512,147.28999329,148.78999329,146.18080139,64218300
2022-11-17,146.42999268,151.47999573,146.14999390,150.72000122,148.07695007,80389400
2022-11-18,152.30999756,152.69999695,149.97000122,151.28999329,148.63693237,74829600
2022-11-21,150.16000366,150.36999512,147.72000122,148.00999451,145.41442871,58724100
2022-11-22,148.13000488,150.41999817,146.92999268,150.17999268,147.54638672,51804100
2022-11-23,149.44999695,151.83000183,149.33999634,151.07000732,148.42082214,58301400
2022-11-25,148.30999756,148.88000488,147.11999512,148.11000061,145.51272583,35195900
2022-11-28,145.13999939,146.63999939,143.38000488,144.22000122,141.69093323,69246000
2022-11-29,144.28999329,144.80999756,140.35000610,141.16999817,138.69441223,83763800
2022-11-30,141.39999390,148.72000122,140.55000305,148.02999878,145.43411255,111380900
2022-12-01,148.21000671,149.13000488,146.61000061,148.30999756,145.70921326,71250400
2022-12-02,145.96000671,148.00000000,145.64999390,147.80999756,145.21795654,65447400
2022-12-05,147.77000427,150.91999817,145.77000427,146.63000488,144.05863953,68826400
2022-12-06,147.07000732,147.30000305,141.91999817,142.91000366,140.40390015,64727200
2022-12-07,142.19000244,143.36999512,140.00000000,140.94000244,138.46844482,69721100
2022-12-08,142.36000061,143.52000427,141.10000610,142.64999390,140.14845276,62128300
2022-12-09,142.33999634,145.57000732,140.89999390,142.16000366,139.66705322,76097000
2022-12-12,142.69999695,144.50000000,141.05999756,144.49000549,141.95617676,70462700
2022-12-13,149.50000000,149.97000122,144.24000549,145.47000122,142.91900635,93886200
2022-12-14,145.35000610,146.66000366,141.16000366,143.21000671,140.69865417,82291200
2022-12-15,141.11000061,141.80000305,136.02999878,136.50000000,134.10632324,98931900
2022-12-16,136.69000244,137.64999390,133.72999573,134.50999451,132.15119934,160156900
2022-12-19,135.11000061,135.19999695,131.32000732,132.36999512,130.04872131,79592600
2022-12-20,131.38999939,133.25000000,129.88999939,132.30000305,129.97996521,77432800
2022-12-21,132.97999573,136.80999756,132.75000000,135.44999695,133.07470703,85928000
2022-12-22,134.35000610,134.55999756,130.30000305,132.22999573,129.91117859,77852100
2022-12-23,130.91999817,132.41999817,129.63999939,131.86000061,129.54766846,63814900
2022-12-27,131.38000488,131.41000366,128.72000122,130.02999878,127.74977112,69007800
2022-12-28,129.66999817,131.02999878,125.87000275,126.04000092,123.82971954,85438400
2022-12-29,127.98999786,130.47999573,127.73000336,129.61000061,127.33713531,75703700
2022-12-30,128.41000366,129.94999695,127.43000031,129.92999268,127.65150452,77034200
2023-01-03,130.27999878,130.89999390,124.16999817,125.06999969,122.87673187,112117500
2023-01-04,126.88999939,128.66000366,125.08000183,126.36000061,124.14412689,89113600
2023-01-05,127.12999725,127.76999664,124.76000214,125.01999664,122.82761383,80962700
2023-01-06,126.01000214,130.28999329,124.88999939,129.61999512,127.34694672,87754700
2023-01-09,130.47000122,133.41000366,129.88999939,130.14999390,127.86764526,70790800
2023-01-10,130.25999451,131.25999451,128.11999512,130.72999573,128.43746948,63896200
2023-01-11,131.25000000,133.50999451,130.46000671,133.49000549,131.14909363,69458900
2023-01-12,133.88000488,134.25999451,131.44000244,133.41000366,131.07046509,71379600
2023-01-13,132.02999878,134.91999817,131.66000366,134.75999451,132.39682007,57809700
2023-01-17,134.83000183,137.28999329,134.13000488,135.94000244,133.55610657,63646600
2023-01-18,136.82000732,138.61000061,135.02999878,135.21000671,132.83894348,69672800
2023-01-19,134.08000183,136.25000000,133.77000427,135.27000427,132.89785767,58280400
2023-01-20,135.27999878,138.02000427,134.22000122,137.86999512,135.45228577,80223600
2023-01-23,138.11999512,143.32000732,137.89999390,141.11000061,138.63545227,81760300
2023-01-24,140.30999756,143.16000366,140.30000305,142.52999878,140.03056335,66435100
2023-01-25,140.88999939,142.42999268,138.80999756,141.86000061,139.37229919,65799300
2023-01-26,143.16999817,144.25000000,141.89999390,143.96000671,141.43548584,54105100
2023-01-27,143.16000366,147.22999573,143.08000183,145.92999268,143.37089539,70555800
2023-01-30,144.96000671,145.55000305,142.85000610,143.00000000,140.49232483,64015300
2023-01-31,142.69999695,144.33999634,142.27999878,144.28999329,141.75968933,65874500
2023-02-01,143.97000122,146.61000061,141.32000732,145.42999268,142.87969971,77663600
2023-02-02,148.89999390,151.17999268,148.16999817,150.82000732,148.17518616,118339000
2023-02-03,148.02999878,157.38000488,147.83000183,154.50000000,151.79066467,154357300
2023-02-06,152.57000732,153.10000610,150.77999878,151.72999573,149.06921387,69858300
2023-02-07,150.63999939,155.22999573,150.63999939,154.64999390,151.93803406,83322600
2023-02-08,153.88000488,154.58000183,151.16999817,151.91999817,149.25587463,64120100
2023-02-09,153.77999878,154.33000183,150.41999817,150.86999512,148.22431946,56007100
2023-02-10,149.46000671,151.33999634,149.22000122,151.00999451,148.58836365,57450700
2023-02-13,150.94999695,154.25999451,150.91999817,153.85000610,151.38284302,62199000
2023-02-14,152.11999512,153.77000427,150.86000061,153.19999695,150.74327087,61707600
2023-02-15,153.11000061,155.50000000,152.88000488,155.33000183,152.83909607,65573800
2023-02-16,153.50999451,156.33000183,153.35000610,153.71000671,151.24508667,68167900
2023-02-17,152.35000610,153.00000000,150.85000610,152.55000305,150.10366821,59144100
2023-02-21,150.19999695,151.30000305,148.41000366,148.47999573,146.09895325,58867200
2023-02-22,148.86999512,149.94999695,147.16000366,148.91000366,146.52206421,51011300
2023-02-23,150.08999634,150.33999634,147.24000549,149.39999390,147.00424194,48394200
2023-02-24,147.11000061,147.19000244,145.72000122,146.71000671,144.35733032,55469600
2023-02-27,147.71000671,149.16999817,147.44999695,147.91999817,145.54788208,44998500
2023-02-28,147.05000305,149.08000183,146.83000183,147.41000366,145.04609680,50547000
2023-03-01,146.83000183,147.22999573,145.00999451,145.30999756,142.97976685,55479000
2023-03-02,144.38000488,146.71000671,143.89999390,145.91000366,143.57019043,52238100
2023-03-03,148.03999329,151.11000061,147.33000183,151.02999878,148.60806274,70732300
2023-03-06,153.78999329,156.30000305,153.46000671,153.83000183,151.36314392,87558000
2023-03-07,153.69999695,154.02999878,151.13000488,151.60000610,149.16891479,56182000
2023-03-08,152.80999756,153.47000122,151.83000183,152.86999512,150.41854858,47204800
2023-03-09,153.55999756,154.53999329,150.22999573,150.58999634,148.17512512,53833600
2023-03-10,150.21000671,150.94000244,147.61000061,148.50000000,146.11863708,68572400
2023-03-13,147.80999756,153.13999939,147.69999695,150.47000122,148.05702209,84457100
2023-03-14,151.27999878,153.39999390,150.10000610,152.58999634,150.14303589,73695900
2023-03-15,151.19000244,153.25000000,149.91999817,152.99000549,150.53662109,77167900
2023-03-16,152.16000366,156.46000671,151.63999939,155.85000610,153.35075378,76161100
2023-03-17,156.08000183,156.74000549,154.27999878,155.00000000,152.51440430,98944600
2023-03-20,155.07000732,157.82000732,154.14999390,157.39999390,154.87586975,73641400
2023-03-21,157.32000732,159.39999390,156.53999329,159.27999878,156.72576904,73938300
2023-03-22,159.30000305,162.13999939,157.80999756,157.83000183,155.29898071,75701800
2023-03-23,158.83000183,161.55000305,157.67999268,158.92999268,156.38136292,67622100
2023-03-24,158.86000061,160.33999634,157.85000610,160.25000000,157.68022156,59196500
2023-03-27,159.94000244,160.77000427,157.86999512,158.27999878,155.74179077,52390300
2023-03-28,157.97000122,158.49000549,155.97999573,157.64999390,155.12187195,45992200
2023-03-29,159.36999512,161.05000305,159.35000610,160.77000427,158.19186401,51305700
2023-03-30,161.52999878,162.47000122,161.27000427,162.36000061,159.75637817,49501700
2023-03-31,162.44000244,165.00000000,161.91000366,164.89999390,162.25563049,68749800
2023-04-03,164.27000427,166.28999329,164.22000122,166.16999817,163.50527954,56976200
2023-04-04,166.60000610,166.83999634,165.11000061,165.63000488,162.97395325,46278300
2023-04-05,164.74000549,165.05000305,161.80000305,163.75999451,161.13388062,51511700
2023-04-06,162.42999268,164.96000671,162.00000000,164.66000366,162.01950073,45390100
2023-04-10,161.41999817,162.02999878,160.08000183,162.02999878,159.43167114,47716900
2023-04-11,162.35000610,162.36000061,160.50999451,160.80000305,158.22140503,47644200
2023-04-12,161.22000122,162.05999756,159.77999878,160.10000610,157.53265381,50133100
2023-04-13,161.63000488,165.80000305,161.41999817,165.55999756,162.90504456,68445600
2023-04-14,164.58999634,166.32000732,163.82000732,165.21000671,162.56066895,49386500
2023-04-17,165.08999634,165.38999939,164.02999878,165.22999573,162.58032227,41516200
2023-04-18,166.10000610,167.41000366,165.64999390,166.47000122,163.80046082,49923000
2023-04-19,165.80000305,168.16000366,165.53999329,167.63000488,164.94186401,47720200
2023-04-20,166.08999634,167.86999512,165.55999756,166.64999390,163.97758484,52456400
2023-04-21,165.05000305,166.44999695,164.49000549,165.02000427,162.37371826,58337300
2023-04-24,165.00000000,165.60000610,163.88999939,165.33000183,162.67872620,41949600
2023-04-25,165.19000244,166.30999756,163.72999573,163.77000427,161.14375305,48714100
2023-04-26,163.05999756,165.27999878,162.80000305,163.75999451,161.13388062,45498800
2023-04-27,165.19000244,168.55999756,165.19000244,168.41000366,165.70930481,64902300
2023-04-28,168.49000549,169.85000610,167.88000488,169.67999268,166.95899963,55275900
2023-05-01,169.27999878,170.44999695,168.63999939,169.58999634,166.87039185,52472900
2023-05-02,170.08999634,170.35000610,167.53999329,168.53999329,165.83724976,48425700
2023-05-03,169.50000000,170.91999817,167.16000366,167.44999695,164.76473999,65136000
2023-05-04,164.88999939,167.03999329,164.30999756,165.78999329,163.13136292,81235400
2023-05-05,170.97999573,174.30000305,170.75999451,173.57000732,170.78660583,113453200
2023-05-08,172.47999573,173.85000610,172.11000061,173.50000000,170.71774292,55962800
2023-05-09,173.05000305,173.53999329,171.60000610,171.77000427,169.01547241,45326900
2023-05-10,173.02000427,174.02999878,171.89999390,173.55999756,170.77676392,53724500
2023-05-11,173.85000610,174.58999634,172.16999817,173.75000000,170.96372986,49514700
2023-05-12,173.61999512,174.05999756,171.00000000,172.57000732,170.03747559,45533100
2023-05-15,173.16000366,173.21000671,171.47000122,172.07000732,169.54486084,37266700
2023-05-16,171.99000549,173.13999939,171.80000305,172.07000732,169.54486084,42110300
2023-05-17,171.71000671,172.92999268,170.41999817,172.69000244,170.15573120,57951600
2023-05-18,173.00000000,175.24000549,172.58000183,175.05000305,172.48112488,65496700
2023-05-19,176.38999939,176.38999939,174.94000244,175.16000366,172.58953857,55809500
2023-05-22,173.97999573,174.71000671,173.44999695,174.19999695,171.64358521,43570900
2023-05-23,173.13000488,173.38000488,171.27999878,171.55999756,169.04232788,50747300
2023-05-24,171.08999634,172.41999817,170.52000427,171.83999634,169.31820679,45143500
2023-05-25,172.41000366,173.89999390,171.69000244,172.99000549,170.45137024,56058300
2023-05-26,173.32000732,175.77000427,173.11000061,175.42999268,172.85552979,54835000
2023-05-30,176.96000671,178.99000549,176.57000732,177.30000305,174.69810486,55964400
2023-05-31,177.33000183,179.35000610,176.75999451,177.25000000,174.64880371,99625300
2023-06-01,177.69999695,180.11999512,176.92999268,180.08999634,177.44715881,68901800
2023-06-02,181.02999878,181.77999878,179.25999451,180.94999695,178.29452515,61996900
2023-06-05,182.63000488,184.94999695,178.03999329,179.58000183,176.94464111,121946500
2023-06-06,179.97000122,180.11999512,177.42999268,179.21000671,176.58004761,64848400
2023-06-07,178.44000244,181.21000671,177.32000732,177.82000732,175.21047974,61944600
2023-06-08,177.89999390,180.83999634,177.46000671,180.57000732,177.92008972,50214900
2023-06-09,181.50000000,182.22999573,180.63000488,180.96000671,178.30438232,48900000
2023-06-12,181.27000427,183.88999939,180.97000122,183.78999329,181.09283447,54274900
2023-06-13,182.80000305,184.14999390,182.44000244,183.30999756,180.61988831,54929100
2023-06-14,183.36999512,184.38999939,182.02000427,183.94999695,181.25051880,57462900
2023-06-15,183.96000671,186.52000427,183.77999878,186.00999451,183.28028870,65433200
2023-06-16,186.72999573,186.99000549,184.27000427,184.91999817,182.20623779,101256200
2023-06-20,184.41000366,186.10000610,184.41000366,185.00999451,182.29495239,49799100
2023-06-21,184.89999390,185.41000366,182.58999634,183.96000671,181.26036072,49515700
2023-06-22,183.74000549,187.05000305,183.66999817,187.00000000,184.25569153,51245300
2023-06-23,185.55000305,187.55999756,185.00999451,186.67999268,183.94042969,53117000
2023-06-26,186.83000183,188.05000305,185.22999573,185.27000427,182.55114746,48088700
2023-06-27,185.88999939,188.38999939,185.66999817,188.05999756,185.30018616,50730800
2023-06-28,187.92999268,189.89999390,187.60000610,189.25000000,186.47271729,51216800
2023-06-29,189.08000183,190.07000732,188.94000244,189.58999634,186.80773926,46347300
2023-06-30,191.63000488,194.47999573,191.25999451,193.97000122,191.12345886,85213200
2023-07-03,193.77999878,193.88000488,191.75999451,192.46000671,189.63563538,31458200
2023-07-05,191.57000732,192.97999573,190.61999512,191.33000183,188.52221680,46920300
2023-07-06,189.83999634,192.02000427,189.19999695,191.80999756,188.99514771,45094300
2023-07-07,191.41000366,192.66999817,190.24000549,190.67999268,187.88171387,46815000
2023-07-10,189.25999451,189.99000549,187.03999329,188.61000061,185.84213257,59922200
2023-07-11,189.16000366,189.30000305,186.60000610,188.08000183,185.31988525,46638100
2023-07-12,189.67999268,191.69999695,188.47000122,189.77000427,186.98510742,60750200
2023-07-13,190.50000000,191.19000244,189.77999878,190.53999329,187.74378967,41342300
2023-07-14,190.22999573,191.17999268,189.63000488,190.69000244,187.89160156,41616200
2023-07-17,191.89999390,194.32000732,191.80999756,193.99000549,191.14314270,50520200
2023-07-18,193.35000610,194.33000183,192.41999817,193.72999573,190.88697815,48288200
2023-07-19,193.10000610,198.22999573,192.64999390,195.10000610,192.23687744,80507300
2023-07-20,195.08999634,196.47000122,192.50000000,193.13000488,190.29580688,59581200
2023-07-21,194.10000610,194.97000122,191.22999573,191.94000244,189.12326050,71951700
2023-07-24,193.41000366,194.91000366,192.25000000,192.75000000,189.92137146,45377800
2023-07-25,193.33000183,194.44000244,192.91999817,193.61999512,190.77859497,37283200
2023-07-26,193.66999817,195.63999939,193.32000732,194.50000000,191.64569092,47471900
2023-07-27,196.02000427,197.19999695,192.55000305,193.22000122,190.38446045,47460200
2023-07-28,194.66999817,196.63000488,194.13999939,195.83000183,192.95614624,48291400
2023-07-31,196.05999756,196.49000549,195.25999451,196.44999695,193.56704712,38824100
2023-08-01,196.24000549,196.72999573,195.27999878,195.61000061,192.73939514,35175100
2023-08-02,195.03999329,195.17999268,191.85000610,192.58000183,189.75386047,50389300
2023-08-03,191.57000732,192.36999512,190.69000244,191.16999817,188.36454773,61235200
2023-08-04,185.52000427,187.38000488,181.91999817,181.99000549,179.31927490,115956800
2023-08-07,182.13000488,183.13000488,177.35000610,178.85000610,176.22535706,97576100
2023-08-08,179.69000244,180.27000427,177.58000183,179.80000305,177.16140747,67823000
2023-08-09,180.86999512,180.92999268,177.00999451,178.19000244,175.57499695,60378500
2023-08-10,179.47999573,180.75000000,177.60000610,177.97000122,175.35826111,54686900
2023-08-11,177.32000732,178.61999512,176.55000305,177.78999329,175.41743469,52036700
2023-08-14,177.97000122,179.69000244,177.30999756,179.46000671,177.06518555,43675600
2023-08-15,178.88000488,179.47999573,177.05000305,177.44999695,175.08201599,43622600
2023-08-16,177.13000488,178.53999329,176.50000000,176.57000732,174.21372986,46964900
2023-08-17,177.13999939,177.50999451,173.47999573,174.00000000,171.67800903,66062900
2023-08-18,172.30000305,175.10000610,171.96000671,174.49000549,172.16149902,61172200
2023-08-21,175.07000732,176.13000488,173.74000549,175.83999634,173.49348450,46311900
2023-08-22,177.05999756,177.67999268,176.25000000,177.22999573,174.86492920,42038900
2023-08-23,178.52000427,181.55000305,178.33000183,181.11999512,178.70303345,52722800
2023-08-24,180.66999817,181.10000610,176.00999451,176.38000488,174.02627563,54945800
2023-08-25,177.38000488,179.14999390,175.82000732,178.61000061,176.22650146,51449600
2023-08-28,180.08999634,180.58999634,178.55000305,180.19000244,177.78543091,43820700
2023-08-29,179.69999695,184.89999390,179.50000000,184.11999512,181.66299438,53003900
2023-08-30,184.94000244,187.85000610,184.74000549,187.64999390,185.14585876,60813900
2023-08-31,187.83999634,189.11999512,187.47999573,187.86999512,185.36291504,60794500
2023-09-01,189.49000549,189.91999817,188.27999878,189.46000671,186.93173218,45766500
2023-09-05,188.27999878,189.97999573,187.61000061,189.69999695,187.16854858,45280000
2023-09-06,188.39999390,188.85000610,181.47000122,182.91000366,180.46914673,81755800
2023-09-07,175.17999268,178.21000671,173.53999329,177.55999756,175.19053650,112488800
2023-09-08,178.35000610,180.24000549,177.78999329,178.17999268,175.80223083,65551300
2023-09-11,180.07000732,180.30000305,177.33999634,179.36000061,176.96650696,58953100
2023-09-12,179.49000549,180.13000488,174.82000732,176.30000305,173.94734192,90370200
2023-09-13,176.50999451,177.30000305,173.97999573,174.21000671,171.88522339,84267900
2023-09-14,174.00000000,176.10000610,173.58000183,175.74000549,173.39483643,60895800
2023-09-15,176.47999573,176.50000000,173.82000732,175.00999451,172.67456055,109259500
2023-09-18,176.47999573,179.38000488,176.16999817,177.97000122,175.59506226,67257600
2023-09-19,177.52000427,179.63000488,177.13000488,179.07000732,176.68038940,51826900
2023-09-20,179.25999451,179.69999695,175.39999390,175.49000549,173.14816284,58436200
2023-09-21,174.55000305,176.30000305,173.86000061,173.92999268,171.60894775,63149100
2023-09-22,174.66999817,177.08000183,174.05000305,174.78999329,172.45751953,56725400
2023-09-25,174.19999695,176.97000122,174.14999390,176.08000183,173.73028564,46172700
2023-09-26,174.82000732,175.19999695,171.66000366,171.96000671,169.66525269,64588900
2023-09-27,172.61999512,173.03999329,169.05000305,170.42999268,168.15567017,66921800
2023-09-28,169.33999634,172.02999878,167.61999512,170.69000244,168.41218567,56294400
2023-09-29,172.02000427,173.07000732,170.33999634,171.21000671,168.92527771,51861100
2023-10-02,171.22000122,174.30000305,170.92999268,173.75000000,171.43138123,52164500
2023-10-03,172.25999451,173.63000488,170.82000732,172.39999390,170.09936523,49594600
2023-10-04,171.08999634,174.21000671,170.97000122,173.66000366,171.34255981,53020300
2023-10-05,173.78999329,175.44999695,172.67999268,174.91000366,172.57591248,48527900
2023-10-06,173.80000305,177.99000549,173.17999268,177.49000549,175.12145996,57266700
2023-10-09,176.80999756,179.05000305,175.80000305,178.99000549,176.60142517,42390800
2023-10-10,178.10000610,179.72000122,177.94999695,178.38999939,176.00946045,43698000
2023-10-11,178.19999695,179.85000610,177.60000610,179.80000305,177.40065002,47551100
2023-10-12,180.07000732,182.33999634,179.03999329,180.71000671,178.29852295,56743100
2023-10-13,181.41999817,181.92999268,178.13999939,178.85000610,176.46333313,51427100
2023-10-16,176.75000000,179.08000183,176.50999451,178.72000122,176.33505249,52517000
2023-10-17,176.64999390,178.41999817,174.80000305,177.14999390,174.78598022,57549400
2023-10-18,175.58000183,177.58000183,175.11000061,175.83999634,173.49348450,54764400
2023-10-19,176.03999329,177.83999634,175.19000244,175.46000671,173.11857605,59302900
2023-10-20,175.30999756,175.41999817,172.63999939,172.88000488,170.57299805,64244000
2023-10-23,170.91000366,174.00999451,169.92999268,173.00000000,170.69139099,55980100
2023-10-24,173.05000305,173.66999817,171.44999695,173.44000244,171.12550354,43816600
2023-10-25,171.88000488,173.05999756,170.64999390,171.10000610,168.81675720,57157000
2023-10-26,170.36999512,171.38000488,165.66999817,166.88999939,164.66291809,70625300
2023-10-27,166.91000366,168.96000671,166.83000183,168.22000122,165.97517395,58499100
2023-10-30,169.02000427,171.16999817,168.86999512,170.28999329,168.01753235,51131000
2023-10-31,169.35000610,170.89999390,167.89999390,170.77000427,168.49114990,44846000
2023-11-01,171.00000000,174.22999573,170.11999512,173.97000122,171.64842224,56934900
2023-11-02,175.52000427,177.77999878,175.46000671,177.57000732,175.20039368,77334800
2023-11-03,174.24000549,176.82000732,173.35000610,176.64999390,174.29266357,79829200
2023-11-06,176.38000488,179.42999268,176.21000671,179.22999573,176.83825684,63841300
2023-11-07,179.17999268,182.44000244,178.97000122,181.82000732,179.39370728,70530000
2023-11-08,182.35000610,183.44999695,181.58999634,182.88999939,180.44940186,49340300
2023-11-09,182.96000671,184.11999512,181.80999756,182.41000366,179.97579956,53763500
2023-11-10,183.97000122,186.57000732,183.52999878,186.39999390,184.15484619,66133400
2023-11-13,185.82000732,186.02999878,184.21000671,184.80000305,182.57412720,43627500
2023-11-14,187.69999695,188.11000061,186.30000305,187.44000244,185.18235779,60108400
2023-11-15,187.85000610,189.50000000,187.77999878,188.00999451,185.74546814,53790500
2023-11-16,189.57000732,190.96000671,188.64999390,189.71000671,187.42498779,54412900
2023-11-17,190.25000000,190.38000488,188.57000732,189.69000244,187.40521240,50922700
2023-11-20,189.88999939,191.91000366,189.88000488,191.44999695,189.14402771,46505100
2023-11-21,191.41000366,191.52000427,189.74000549,190.63999939,188.34378052,38134500
2023-11-22,191.49000549,192.92999268,190.83000183,191.30999756,189.00570679,39617700
2023-11-24,190.86999512,190.89999390,189.25000000,189.97000122,187.68185425,24048300
2023-11-27,189.91999817,190.66999817,188.89999390,189.78999329,187.50404358,40552600
2023-11-28,189.77999878,191.08000183,189.39999390,190.39999390,188.10667419,38415400
2023-11-29,190.89999390,192.08999634,188.97000122,189.36999512,187.08908081,43014200
2023-11-30,189.83999634,190.32000732,188.19000244,189.94999695,187.66210938,48794400
2023-12-01,190.33000183,191.55999756,189.22999573,191.24000549,188.93655396,45704800
2023-12-04,189.97999573,190.05000305,187.44999695,189.42999268,187.14837646,43389500
2023-12-05,190.21000671,194.39999390,190.17999268,193.41999817,191.09028625,66628400
2023-12-06,194.44999695,194.75999451,192.11000061,192.32000732,190.00355530,41089700
2023-12-07,193.63000488,195.00000000,193.58999634,194.27000427,191.93006897,47477700
2023-12-08,194.19999695,195.99000549,193.66999817,195.71000671,193.35272217,53406400
2023-12-11,193.11000061,193.49000549,191.41999817,193.17999268,190.85319519,60943700
2023-12-12,193.08000183,194.72000122,191.72000122,194.71000671,192.36474609,52696900
2023-12-13,195.08999634,198.00000000,194.85000610,197.96000671,195.57560730,70404200
2023-12-14,198.02000427,199.61999512,196.16000366,198.11000061,195.72380066,66831600
2023-12-15,197.52999878,198.39999390,197.00000000,197.57000732,195.19033813,128538400
2023-12-18,196.08999634,196.63000488,194.38999939,195.88999939,193.53056335,55751900
2023-12-19,196.16000366,196.94999695,195.88999939,196.94000244,194.56791687,40714100
2023-12-20,196.89999390,197.67999268,194.83000183,194.83000183,192.48330688,52242800
2023-12-21,196.10000610,197.08000183,193.50000000,194.67999268,192.33508301,46482500
2023-12-22,195.17999268,195.41000366,192.97000122,193.60000610,191.26814270,37149600
2023-12-26,193.61000061,193.88999939,192.83000183,193.05000305,190.72474670,28919300
2023-12-27,192.49000549,193.50000000,191.08999634,193.14999390,190.82357788,48087700
2023-12-28,194.13999939,194.66000366,193.16999817,193.58000183,191.24838257,34049900
2023-12-29,193.89999390,194.39999390,191.72999573,192.52999878,190.21101379,42672100
2024-01-02,187.14999390,188.44000244,183.88999939,185.63999939,183.40399170,82488700
2024-01-03,184.22000122,185.88000488,183.42999268,184.25000000,182.03074646,58414500
2024-01-04,182.14999390,183.08999634,180.88000488,181.91000366,179.71894836,71983600
2024-01-05,181.99000549,182.75999451,180.16999817,181.17999268,178.99771118,62379700
2024-01-08,182.08999634,185.60000610,181.50000000,185.55999756,183.32495117,59144500
2024-01-09,183.91999817,185.14999390,182.72999573,185.13999939,182.91003418,42841800
2024-01-10,184.35000610,186.39999390,183.91999817,186.19000244,183.94738770,46792900
2024-01-11,186.53999329,187.05000305,183.61999512,185.58999634,183.35462952,49128400
2024-01-12,186.05999756,186.74000549,185.19000244,185.91999817,183.68063354,40477800
2024-01-16,182.16000366,184.25999451,180.92999268,183.63000488,181.41822815,65603000
2024-01-17,181.27000427,182.92999268,180.30000305,182.67999268,180.47962952,47317400
2024-01-18,186.08999634,189.13999939,185.83000183,188.63000488,186.35800171,78005800
2024-01-19,189.33000183,191.94999695,188.82000732,191.55999756,189.25271606,68903000
2024-01-22,192.30000305,195.33000183,192.25999451,193.88999939,191.55462646,60133900
2024-01-23,195.02000427,195.75000000,193.83000183,195.17999268,192.82908630,42355600
2024-01-24,195.41999817,196.38000488,194.33999634,194.50000000,192.15730286,53631300
2024-01-25,195.22000122,196.27000427,193.11000061,194.16999817,191.83126831,54822100
2024-01-26,194.27000427,194.75999451,191.94000244,192.41999817,190.10232544,44594000
2024-01-29,192.00999451,192.19999695,189.58000183,191.72999573,189.42063904,47145600
2024-01-30,190.94000244,191.80000305,187.47000122,188.03999329,185.77513123,55859400
2024-01-31,187.03999329,187.10000610,184.35000610,184.39999390,182.17895508,55467800
2024-02-01,183.99000549,186.94999695,183.82000732,186.86000061,184.60932922,64885400
2024-02-02,179.86000061,187.33000183,179.25000000,185.85000610,183.61148071,102551700
2024-02-05,188.14999390,189.25000000,185.83999634,187.67999268,185.41943359,69668800
2024-02-06,186.86000061,189.30999756,186.77000427,189.30000305,187.01994324,43490800
2024-02-07,190.63999939,191.05000305,188.61000061,189.41000366,187.12860107,53439000
2024-02-08,189.38999939,189.53999329,187.35000610,188.32000732,186.05174255,40962000
2024-02-09,188.64999390,189.99000549,188.00000000,188.85000610,186.81344604,45155200
2024-02-12,188.41999817,188.66999817,186.78999329,187.14999390,185.13175964,41781900
2024-02-13,185.77000427,186.21000671,183.50999451,185.03999329,183.04449463,56529500
2024-02-14,185.32000732,185.52999878,182.44000244,184.14999390,182.16410828,54630500
2024-02-15,183.55000305,184.49000549,181.35000610,183.86000061,181.87724304,65434500
2024-02-16,183.41999817,184.85000610,181.66999817,182.30999756,180.34394836,49752500
2024-02-20,181.78999329,182.42999268,180.00000000,181.55999756,179.60203552,53665600
2024-02-21,181.94000244,182.88999939,180.66000366,182.32000732,180.35388184,41371400
2024-02-22,183.47999573,184.96000671,182.46000671,184.36999512,182.38172913,52292200
2024-02-23,185.00999451,185.03999329,182.22999573,182.52000427,180.55168152,45119700
2024-02-26,182.24000549,182.75999451,180.64999390,181.16000366,179.20634460,40867400
2024-02-27,181.10000610,183.91999817,179.55999756,182.63000488,180.66047668,54318900
2024-02-28,182.50999451,183.11999512,180.13000488,181.41999817,179.46354675,48953900
2024-02-29,181.27000427,182.57000732,179.52999878,180.75000000,178.80078125,136682600
2024-03-01,179.55000305,180.52999878,177.38000488,179.66000366,177.72254944,73563100
2024-03-04,176.14999390,176.89999390,173.78999329,175.10000610,173.21171570,81510100
2024-03-05,170.75999451,172.03999329,169.61999512,170.11999512,168.28538513,95132400
2024-03-06,171.05999756,171.24000549,168.67999268,169.11999512,167.29618835,68587700
2024-03-07,169.14999390,170.72999573,168.49000549,169.00000000,167.17749023,71765100
2024-03-08,169.00000000,173.69999695,168.94000244,170.72999573,168.88882446,76267000
2024-03-11,172.94000244,174.38000488,172.05000305,172.75000000,170.88702393,60139500
2024-03-12,173.14999390,174.02999878,171.00999451,173.22999573,171.36186218,59825400
2024-03-13,172.77000427,173.19000244,170.75999451,171.13000488,169.28453064,52488700
2024-03-14,172.91000366,174.30999756,172.05000305,173.00000000,171.13436890,72913500
2024-03-15,171.16999817,172.61999512,170.28999329,172.61999512,170.75845337,121752700
2024-03-18,175.57000732,177.71000671,173.52000427,173.72000122,171.84658813,75604200
2024-03-19,174.33999634,176.61000061,173.02999878,176.08000183,174.18113708,55215200
2024-03-20,175.72000122,178.66999817,175.08999634,178.66999817,176.74319458,53423100
2024-03-21,177.05000305,177.49000549,170.83999634,171.36999512,169.52191162,106181300
2024-03-22,171.75999451,173.05000305,170.05999756,172.27999878,170.42211914,71160100
2024-03-25,170.57000732,171.94000244,169.44999695,170.85000610,169.00755310,54288300
2024-03-26,170.00000000,171.41999817,169.58000183,169.71000671,167.87982178,57388400
2024-03-27,170.41000366,173.60000610,170.11000061,173.30999756,171.44099426,60273300
2024-03-28,171.75000000,172.22999573,170.50999451,171.47999573,169.63073730,65672700
2024-04-01,171.19000244,171.25000000,169.47999573,170.02999878,168.19638062,46240500
2024-04-02,169.08000183,169.33999634,168.22999573,168.83999634,167.01921082,49329500
2024-04-03,168.78999329,170.67999268,168.58000183,169.64999390,167.82049561,47691700
2024-04-04,170.28999329,171.91999817,168.82000732,168.82000732,166.99942017,53704400
2024-04-05,169.58999634,170.38999939,168.94999695,169.58000183,167.75125122,42104800
2024-04-08,169.02999878,169.19999695,168.24000549,168.44999695,166.63343811,37425500
2024-04-09,168.69999695,170.08000183,168.35000610,169.66999817,167.84027100,42373800
2024-04-10,168.80000305,169.08999634,167.11000061,167.77999878,165.97065735,49709300
2024-04-11,168.33999634,175.46000671,168.16000366,175.03999329,173.15235901,91070300
2024-04-12,174.25999451,178.36000061,174.21000671,176.55000305,174.64607239,101670900
2024-04-15,175.36000061,176.63000488,172.50000000,172.69000244,170.82771301,73531800
2024-04-16,171.75000000,173.75999451,168.27000427,169.38000488,167.55339050,73711200
2024-04-17,169.61000061,170.64999390,168.00000000,168.00000000,166.18826294,50901200
2024-04-18,168.02999878,168.63999939,166.55000305,167.03999329,165.23861694,43122900
2024-04-19,166.21000671,166.39999390,164.08000183,165.00000000,163.22062683,68149400
2024-04-22,165.52000427,167.25999451,164.77000427,165.83999634,164.05157471,48116400
2024-04-23,165.35000610,167.05000305,164.91999817,166.89999390,165.10012817,49537800
2024-04-24,166.53999329,169.30000305,166.21000671,169.02000427,167.19726562,48251800
2024-04-25,169.52999878,170.61000061,168.14999390,169.88999939,168.05789185,50558300
2024-04-26,169.88000488,171.33999634,169.17999268,169.30000305,167.47422791,44838400
2024-04-29,173.36999512,176.02999878,173.10000610,173.50000000,171.62895203,68169400
2024-04-30,173.33000183,174.99000549,170.00000000,170.33000183,168.49314880,65934800
2024-05-01,169.58000183,172.71000671,169.11000061,169.30000305,167.47422791,50383100
2024-05-02,172.50999451,173.41999817,170.88999939,173.02999878,171.16403198,94214900
2024-05-03,186.64999390,187.00000000,182.66000366,183.38000488,181.40242004,163224100
2024-05-06,182.35000610,184.19999695,180.41999817,181.71000671,179.75041199,78569700
2024-05-07,183.44999695,184.89999390,181.32000732,182.39999390,180.43296814,77305800
2024-05-08,182.85000610,183.07000732,181.44999695,182.74000549,180.76933289,45057100
2024-05-09,182.55999756,184.66000366,182.11000061,184.57000732,182.57960510,48983000
2024-05-10,184.89999390,185.08999634,182.13000488,183.05000305,181.32157898,50759500
2024-05-13,185.44000244,187.10000610,184.61999512,186.27999878,184.52107239,72044800
2024-05-14,187.50999451,188.30000305,186.28999329,187.42999268,185.66018677,52393600
2024-05-15,187.91000366,190.64999390,187.36999512,189.72000122,187.92860413,70400000
2024-05-16,190.47000122,191.10000610,189.66000366,189.83999634,188.04745483,52845200
2024-05-17,189.50999451,190.80999756,189.17999268,189.86999512,188.07719421,41282900
2024-05-20,189.33000183,191.91999817,189.00999451,191.03999329,189.23611450,44361300
2024-05-21,191.08999634,192.72999573,190.91999817,192.35000610,190.53375244,42309400
2024-05-22,192.27000427,192.82000732,190.27000427,190.89999390,189.09745789,34648500
2024-05-23,190.97999573,191.00000000,186.63000488,186.88000488,185.11541748,51005900
2024-05-24,188.82000732,190.58000183,188.03999329,189.97999573,188.18614197,36327000
2024-05-28,191.50999451,193.00000000,189.10000610,189.99000549,188.19602966,52280100
2024-05-29,189.61000061,192.25000000,189.50999451,190.28999329,188.49322510,53068000
2024-05-30,190.75999451,192.17999268,190.63000488,191.28999329,189.48376465,49889100
2024-05-31,191.44000244,192.57000732,189.91000366,192.25000000,190.43470764,75158300
2024-06-03,192.89999390,194.99000549,192.52000427,194.02999878,192.19790649,50080500
2024-06-04,194.63999939,195.32000732,193.02999878,194.35000610,192.51486206,47471400
2024-06-05,195.39999390,196.89999390,194.86999512,195.86999512,194.02049255,54156800
2024-06-06,195.69000244,196.50000000,194.16999817,194.47999573,192.64363098,41181800
2024-06-07,194.64999390,196.94000244,194.13999939,196.88999939,195.03089905,53103900
2024-06-10,196.89999390,197.30000305,192.14999390,193.11999512,191.29647827,97010200
2024-06-11,193.64999390,207.16000366,193.63000488,207.14999390,205.19398499,172373300
2024-06-12,207.36999512,220.19999695,206.89999390,213.07000732,211.05812073,198134300
2024-06-13,214.74000549,216.75000000,211.60000610,214.24000549,212.21707153,97862700
2024-06-14,213.85000610,215.16999817,211.30000305,212.49000549,210.48358154,70122700
2024-06-17,213.36999512,218.94999695,212.72000122,216.66999817,214.62413025,93728300
2024-06-18,217.58999634,218.63000488,213.00000000,214.28999329,212.26655579,79943300
2024-06-20,213.92999268,214.24000549,208.85000610,209.67999268,207.70011902,86172500
2024-06-21,210.38999939,211.88999939,207.11000061,207.49000549,205.53079224,241805100
2024-06-24,207.72000122,212.69999695,206.58999634,208.13999939,206.17466736,80727000
2024-06-25,209.14999390,211.38000488,208.61000061,209.07000732,207.09590149,55549700
2024-06-26,211.50000000,214.86000061,210.63999939,213.25000000,211.23640442,66213200
2024-06-27,214.69000244,215.74000549,212.35000610,214.10000610,212.07839966,49772700
2024-06-28,215.77000427,216.07000732,210.30000305,210.61999512,208.63122559,82542700
2024-07-01,212.08999634,217.50999451,211.91999817,216.75000000,214.70336914,60402900
2024-07-02,216.14999390,220.38000488,215.10000610,220.27000427,218.19013977,58046200
2024-07-03,220.00000000,221.55000305,219.02999878,221.55000305,219.45805359,37369800
2024-07-05,221.64999390,226.44999695,221.64999390,226.33999634,224.20280457,60412400
2024-07-08,227.08999634,227.85000610,223.25000000,227.82000732,225.66883850,59085900
2024-07-09,227.92999268,229.39999390,226.36999512,228.67999268,226.52070618,48076100
2024-07-10,229.30000305,233.08000183,229.25000000,232.97999573,230.78012085,62627700
2024-07-11,231.38999939,232.38999939,225.77000427,227.57000732,225.42123413,64710600
2024-07-12,228.91999817,232.63999939,228.67999268,230.53999329,228.36317444,53046500
2024-07-15,236.47999573,237.22999573,233.08999634,234.39999390,232.18673706,62631300
2024-07-16,235.00000000,236.27000427,232.33000183,234.82000732,232.60276794,43234300
2024-07-17,229.44999695,231.46000671,226.63999939,228.88000488,226.71885681,57345900
2024-07-18,230.27999878,230.44000244,222.27000427,224.17999268,222.06318665,66034600
2024-07-19,224.82000732,226.80000305,223.27999878,224.30999756,222.19200134,49151500
2024-07-22,227.00999451,227.77999878,223.08999634,223.96000671,221.84529114,48201800
2024-07-23,224.36999512,226.94000244,222.67999268,225.00999451,222.88536072,39960300
2024-07-24,224.00000000,224.80000305,217.13000488,218.53999329,216.47645569,61777600
2024-07-25,218.92999268,220.85000610,214.61999512,217.49000549,215.43640137,51391200
2024-07-26,218.69999695,219.49000549,216.00999451,217.96000671,215.90194702,41601300
2024-07-29,216.96000671,219.30000305,215.75000000,218.24000549,216.17930603,36311800
2024-07-30,219.19000244,220.33000183,216.11999512,218.80000305,216.73400879,41643800
2024-07-31,221.44000244,223.82000732,220.63000488,222.08000183,219.98304749,50036300
2024-08-01,224.36999512,224.47999573,217.02000427,218.36000061,216.29814148,62501000
2024-08-02,219.14999390,225.60000610,217.71000671,219.86000061,217.78399658,105568600
2024-08-05,199.08999634,213.50000000,196.00000000,209.27000427,207.29397583,119548600
2024-08-06,205.30000305,209.99000549,201.07000732,207.22999573,205.27325439,69660500
2024-08-07,206.89999390,213.63999939,206.38999939,209.82000732,207.83880615,63516400
2024-08-08,213.11000061,214.19999695,208.83000183,213.30999756,211.29585266,47161100
2024-08-09,212.10000610,216.77999878,211.97000122,216.24000549,214.19819641,42201600
2024-08-12,216.07000732,219.50999451,215.60000610,217.52999878,215.72540283,38028100
2024-08-13,219.00999451,221.88999939,219.00999451,221.27000427,219.43441772,44155300
2024-08-14,220.57000732,223.02999878,219.69999695,221.72000122,219.88061523,41960600
2024-08-15,224.60000610,225.35000610,222.75999451,224.72000122,222.85577393,46414000
2024-08-16,223.91999817,226.83000183,223.64999390,226.05000305,224.17472839,44340200
2024-08-19,225.72000122,225.99000549,223.03999329,225.88999939,224.01606750,40687800
2024-08-20,225.77000427,227.16999817,225.44999695,226.50999451,224.63090515,30299000
2024-08-21,226.52000427,227.97999573,225.05000305,226.39999390,224.52185059,34765500
2024-08-22,227.78999329,228.33999634,223.89999390,224.52999878,222.66732788,43695300
2024-08-23,225.66000366,228.22000122,224.33000183,226.83999634,224.95819092,38677300
2024-08-26,226.75999451,227.27999878,223.88999939,227.17999268,225.29533386,30602200
2024-08-27,226.00000000,228.85000610,224.88999939,228.02999878,226.13829041,35934600
2024-08-28,227.91999817,229.86000061,225.67999268,226.49000549,224.61109924,38052200
2024-08-29,230.10000610,232.91999817,228.88000488,229.78999329,227.88369751,51906300
2024-08-30,230.19000244,230.39999390,227.47999573,229.00000000,227.10026550,52990800
2024-09-03,228.55000305,229.00000000,221.16999817,222.77000427,220.92195129,50190600
2024-09-04,221.66000366,221.77999878,217.47999573,220.85000610,219.01788330,43840200
2024-09-05,221.63000488,225.47999573,221.52000427,222.38000488,220.53517151,36615400
2024-09-06,223.94999695,225.24000549,219.77000427,220.82000732,218.98811340,48423000
2024-09-09,220.82000732,221.27000427,216.71000671,220.91000366,219.07740784,67180000
2024-09-10,218.91999817,221.47999573,216.72999573,220.11000061,218.28401184,51591000
2024-09-11,221.46000671,223.08999634,217.88999939,222.66000366,220.81286621,44587100
2024-09-12,222.50000000,223.55000305,219.82000732,222.77000427,220.92195129,37455600
2024-09-13,223.58000183,224.03999329,221.91000366,222.50000000,220.65419006,36766600
2024-09-16,216.53999329,217.22000122,213.91999817,216.32000732,214.52545166,59357400
2024-09-17,215.75000000,216.89999390,214.50000000,216.78999329,214.99154663,45519300
2024-09-18,217.55000305,222.71000671,217.53999329,220.69000244,218.85919189,59894900
2024-09-19,224.99000549,229.82000732,224.63000488,228.86999512,226.97131348,66781300
2024-09-20,229.97000122,233.08999634,227.61999512,228.19999695,226.30690002,318679900
2024-09-23,227.33999634,229.44999695,225.80999756,226.47000122,224.59123230,54146000
2024-09-24,228.64999390,229.35000610,225.72999573,227.36999512,225.48379517,43556100
2024-09-25,224.92999268,227.28999329,224.02000427,226.36999512,224.49206543,42308700
2024-09-26,227.30000305,228.50000000,225.41000366,227.52000427,225.63256836,36636700
2024-09-27,228.46000671,229.52000427,227.30000305,227.78999329,225.90031433,34026000
2024-09-30,230.03999329,233.00000000,229.64999390,233.00000000,231.06706238,54541900
2024-10-01,229.52000427,229.64999390,223.74000549,226.21000671,224.33341980,63285000
2024-10-02,225.88999939,227.36999512,223.02000427,226.77999878,224.89866638,32880600
2024-10-03,225.13999939,226.80999756,223.32000732,225.66999817,223.79789734,34044200
2024-10-04,227.89999390,228.00000000,224.13000488,226.80000305,224.91851807,37245100
2024-10-07,224.50000000,225.69000244,221.33000183,221.69000244,219.85092163,39505400
2024-10-08,224.30000305,225.97999573,223.25000000,225.77000427,223.89704895,31855700
2024-10-09,225.22999573,229.75000000,224.83000183,229.53999329,227.63580322,33591100
2024-10-10,227.77999878,229.50000000,227.16999817,229.03999329,227.13993835,28183500
2024-10-11,229.30000305,229.41000366,227.33999634,227.55000305,225.66229248,31759200
2024-10-14,228.69999695,231.72999573,228.60000610,231.30000305,229.38119507,39882100
2024-10-15,233.61000061,237.49000549,232.36999512,233.85000610,231.91003418,64751400
2024-10-16,231.60000610,232.11999512,229.83999634,231.77999878,229.85719299,34082200
2024-10-17,233.42999268,233.85000610,230.52000427,232.14999390,230.22412109,32993800
2024-10-18,236.17999268,236.17999268,234.00999451,235.00000000,233.05050659,46431500
2024-10-21,234.44999695,236.85000610,234.44999695,236.47999573,234.51820374,36254500
2024-10-22,233.88999939,236.22000122,232.60000610,235.86000061,233.90335083,38846600
2024-10-23,234.08000183,235.13999939,227.75999451,230.75999451,228.84565735,52287000
2024-10-24,229.97999573,230.82000732,228.41000366,230.57000732,228.65724182,31109500
2024-10-25,229.74000549,233.22000122,229.57000732,231.41000366,229.49026489,38802300
2024-10-28,233.32000732,234.72999573,232.55000305,233.39999390,231.46377563,36087100
2024-10-29,233.10000610,234.33000183,232.32000732,233.66999817,231.73153687,35417200
2024-10-30,232.61000061,233.47000122,229.55000305,230.10000610,228.19114685,47070900
2024-10-31,229.33999634,229.83000183,225.36999512,225.91000366,224.03588867,64370100
2024-11-01,220.97000122,225.35000610,220.27000427,222.91000366,221.06079102,65276700
2024-11-04,220.99000549,222.78999329,219.71000671,222.00999451,220.16824341,44944500
2024-11-05,221.80000305,223.94999695,221.13999939,223.44999695,221.59629822,28111300
2024-11-06,222.61000061,226.07000732,221.19000244,222.72000122,220.87232971,54561100
2024-11-07,224.63000488,227.88000488,224.57000732,227.47999573,225.59286499,42137700
2024-11-08,227.16999817,228.66000366,226.41000366,226.96000671,225.32479858,38328800
2024-11-11,225.00000000,225.69999695,221.50000000,224.22999573,222.61448669,42005600
2024-11-12,224.55000305,225.58999634,223.36000061,224.22999573,222.61448669,40398300
2024-11-13,224.00999451,226.64999390,222.75999451,225.11999512,223.49806213,48566200
2024-11-14,225.02000427,228.86999512,225.00000000,228.22000122,226.57575989,44923900
2024-11-15,226.39999390,226.91999817,224.27000427,225.00000000,223.37893677,47923700
2024-11-18,225.25000000,229.74000549,225.16999817,228.02000427,226.37718201,44633700
2024-11-19,226.97999573,230.16000366,226.66000366,228.27999878,226.63529968,36211800
2024-11-20,228.05999756,229.92999268,225.88999939,229.00000000,227.35011292,35169600
2024-11-21,228.88000488,230.16000366,225.71000671,228.52000427,226.87356567,42108300
2024-11-22,228.05999756,230.72000122,228.05999756,229.86999512,228.21383667,38168300
2024-11-25,231.46000671,233.25000000,229.74000549,232.86999512,231.19223022,90152800
2024-11-26,233.33000183,235.57000732,233.33000183,235.05999756,233.36643982,45986200
2024-11-27,234.47000122,235.69000244,233.80999756,234.92999268,233.23739624,33498400
2024-11-29,234.80999756,237.80999756,233.97000122,237.33000183,235.62010193,28481400
2024-12-02,237.27000427,240.78999329,237.16000366,239.58999634,237.86380005,48137100
2024-12-03,239.80999756,242.75999451,238.89999390,242.64999390,240.90176392,38861000
2024-12-04,242.86999512,244.11000061,241.25000000,243.00999451,241.25918579,44383900
2024-12-05,243.99000549,244.53999329,242.13000488,243.03999329,241.28894043,40033900
2024-12-06,242.91000366,244.63000488,242.08000183,242.83999634,241.09039307,36870600
2024-12-09,241.83000183,247.24000549,241.75000000,246.75000000,244.97222900,44649200
2024-12-10,246.88999939,248.21000671,245.33999634,247.77000427,245.98489380,36914800
2024-12-11,247.96000671,250.80000305,246.25999451,246.49000549,244.71409607,45205800
2024-12-12,246.88999939,248.74000549,245.67999268,247.96000671,246.17352295,32777500
2024-12-13,247.82000732,249.28999329,246.24000549,248.13000488,246.34228516,33155300
2024-12-16,247.99000549,251.38000488,247.64999390,251.03999329,249.23129272,51694800
2024-12-17,250.08000183,253.83000183,249.77999878,253.47999573,251.65374756,51356400
2024-12-18,252.16000366,254.27999878,247.74000549,248.05000305,246.26286316,56774100
2024-12-19,247.50000000,252.00000000,247.08999634,249.78999329,247.99032593,60882300
2024-12-20,248.03999329,255.00000000,245.69000244,254.49000549,252.65647888,147495300
2024-12-23,254.77000427,255.64999390,253.44999695,255.27000427,253.43086243,40858800
2024-12-24,255.49000549,258.20999146,255.28999329,258.20001221,256.33975220,23234700
2024-12-26,258.19000244,260.10000610,257.63000488,259.01998901,257.15380859,27237100
2024-12-27,257.82998657,258.70001221,253.05999756,255.58999634,253.74851990,42355300
2024-12-30,252.22999573,253.50000000,250.75000000,252.19999695,250.38298035,35557500
2024-12-31,252.44000244,253.27999878,249.42999268,250.41999817,248.61579895,39480700
2025-01-02,248.92999268,249.10000610,241.82000732,243.85000610,242.09313965,55740700
2025-01-03,243.36000061,244.17999268,241.88999939,243.36000061,241.60667419,40244100
2025-01-06,244.30999756,247.33000183,243.19999695,245.00000000,243.23483276,45045600
2025-01-07,242.97999573,245.55000305,241.35000610,242.21000671,240.46496582,40856000
2025-01-08,241.91999817,243.71000671,240.05000305,242.69999695,240.95138550,37628900
2025-01-10,240.00999451,240.16000366,233.00000000,236.85000610,235.14356995,61710900
2025-01-13,233.52999878,234.66999817,229.72000122,234.39999390,232.71122742,49630700
2025-01-14,234.75000000,236.11999512,232.47000122,233.27999878,231.59927368,39435300
2025-01-15,234.63999939,238.96000671,234.42999268,237.86999512,236.15618896,39832000
2025-01-16,237.35000610,238.00999451,228.02999878,228.25999451,226.61543274,71759100
2025-01-17,232.11999512,232.28999329,228.47999573,229.97999573,228.32305908,68488300
2025-01-21,224.00000000,224.41999817,219.38000488,222.63999939,221.03591919,98070400
2025-01-22,219.78999329,224.11999512,219.78999329,223.83000183,222.21734619,64126500
2025-01-23,224.74000549,227.02999878,222.30000305,223.66000366,222.04861450,60234800
2025-01-24,224.77999878,225.63000488,221.41000366,222.77999878,221.17491150,54697900
2025-01-27,224.02000427,232.14999390,223.97999573,229.86000061,228.20391846,94863400
2025-01-28,230.85000610,240.19000244,230.80999756,238.25999451,236.54339600,75707600
2025-01-29,234.11999512,239.86000061,234.00999451,239.36000061,237.63548279,45486100
2025-01-30,238.66999817,240.78999329,237.21000671,237.58999634,235.87820435,55658300
2025-01-31,247.19000244,247.19000244,233.44000244,236.00000000,234.29969788,100959800
2025-02-03,229.99000549,231.83000183,225.69999695,228.00999451,226.36723328,73063300
2025-02-04,227.25000000,233.13000488,226.64999390,232.80000305,231.12274170,45067300
2025-02-05,228.52999878,232.66999817,228.27000427,232.47000122,230.79513550,39620300
2025-02-06,231.28999329,233.80000305,230.42999268,233.22000122,231.53971863,29925300
2025-02-07,232.60000610,234.00000000,227.25999451,227.63000488,225.98999023,39707200
2025-02-10,229.57000732,230.58999634,227.19999695,227.64999390,226.25833130,33115600
2025-02-11,228.19999695,235.22999573,228.13000488,232.61999512,231.19795227,53718400
2025-02-12,231.19999695,236.96000671,230.67999268,236.86999512,235.42196655,45243300
2025-02-13,236.91000366,242.33999634,235.57000732,241.52999878,240.05349731,53614100
2025-02-14,241.25000000,245.55000305,240.99000549,244.60000610,243.10472107,40896200
2025-02-18,244.14999390,245.17999268,241.83999634,244.47000122,242.97552490,48822500
2025-02-19,244.66000366,246.00999451,243.16000366,244.86999512,243.37306213,32204200
2025-02-20,244.94000244,246.77999878,244.28999329,245.83000183,244.32719421,32316900
2025-02-21,245.94999695,248.69000244,245.22000122,245.55000305,244.04890442,53197400
2025-02-24,244.92999268,248.86000061,244.41999817,247.10000610,245.58944702,51326400
2025-02-25,248.00000000,250.00000000,244.91000366,247.03999329,245.52978516,48013300
2025-02-26,244.33000183,244.97999573,239.13000488,240.36000061,238.89064026,44433600
2025-02-27,239.41000366,242.46000671,237.05999756,237.30000305,235.84934998,41153600
2025-02-28,236.94999695,242.08999634,230.19999695,241.83999634,240.36158752,56833400
2025-03-03,241.78999329,244.02999878,236.11000061,238.02999878,236.57487488,47184000
2025-03-04,237.71000671,240.07000732,234.67999268,235.92999268,234.48771667,53798100
2025-03-05,235.41999817,236.55000305,229.22999573,235.74000549,234.29888916,47227600
2025-03-06,234.44000244,237.86000061,233.16000366,235.33000183,233.89138794,45170400
2025-03-07,235.11000061,241.36999512,234.75999451,239.07000732,237.60852051,46273600
2025-03-10,235.53999329,236.16000366,224.22000122,227.47999573,226.08937073,72071200
2025-03-11,223.80999756,225.83999634,217.44999695,220.83999634,219.48997498,76137400
2025-03-12,220.13999939,221.75000000,214.91000366,216.97999573,215.65354919,62547500
2025-03-13,215.94999695,216.83999634,208.41999817,209.67999268,208.39817810,61368300
2025-03-14,211.25000000,213.94999695,209.58000183,213.49000549,212.18490601,60107600
2025-03-17,213.30999756,215.22000122,209.97000122,214.00000000,212.69178772,48073400
2025-03-18,214.16000366,215.14999390,211.49000549,212.69000244,211.38978577,42432400
2025-03-19,214.22000122,218.75999451,213.75000000,215.24000549,213.92419434,54385400
2025-03-20,213.99000549,217.49000549,212.22000122,214.10000610,212.79118347,48862900
2025-03-21,211.55999756,218.83999634,211.27999878,218.27000427,216.93568420,94127800
2025-03-24,221.00000000,221.47999573,218.58000183,220.72999573,219.38064575,44299500
2025-03-25,220.77000427,224.10000610,220.08000183,223.75000000,222.38218689,34493600
2025-03-26,223.50999451,225.02000427,220.47000122,221.52999878,220.17573547,34466100
2025-03-27,221.38999939,224.99000549,220.55999756,223.85000610,222.48155212,37094800
2025-03-28,221.66999817,223.80999756,217.67999268,217.89999390,216.56793213,39818600
2025-03-31,217.00999451,225.61999512,216.22999573,222.13000488,220.77209473,65299300
2025-04-01,219.80999756,223.67999268,218.89999390,223.19000244,221.82559204,36412700
2025-04-02,221.32000732,225.19000244,221.02000427,223.88999939,222.52131653,35905900
2025-04-03,205.53999329,207.49000549,201.25000000,203.19000244,201.94786072,103419000
2025-04-04,193.88999939,199.88000488,187.33999634,188.38000488,187.22842407,125910900
2025-04-07,177.19999695,194.14999390,174.61999512,181.46000671,180.35070801,160466300
2025-04-08,186.69999695,190.33999634,169.21000671,172.41999817,171.36595154,120859500
2025-04-09,171.94999695,200.61000061,171.88999939,198.85000610,197.63438416,184395900
2025-04-10,189.07000732,194.77999878,183.00000000,190.41999817,189.25593567,121880000
2025-04-11,186.10000610,199.53999329,186.05999756,198.14999390,196.93864441,87435900
2025-04-14,211.44000244,212.94000244,201.16000366,202.52000427,201.28198242,101352900
2025-04-15,201.86000061,203.50999451,199.80000305,202.13999939,200.90429688,51343900
2025-04-16,198.36000061,200.69999695,192.36999512,194.27000427,193.08241272,59732400
2025-04-17,197.19999695,198.83000183,194.41999817,196.97999573,195.77581787,52164700
2025-04-21,193.27000427,193.80000305,189.80999756,193.16000366,191.97915649,46742500
2025-04-22,196.11999512,201.58999634,195.97000122,199.74000549,198.51896667,52976400
2025-04-23,206.00000000,208.00000000,202.80000305,204.60000610,203.34927368,52929200
2025-04-24,204.88999939,208.83000183,202.94000244,208.36999512,207.09619141,47311000
2025-04-25,206.36999512,209.75000000,206.19999695,209.27999878,208.00064087,38222300
2025-04-28,210.00000000,211.50000000,207.46000671,210.13999939,208.85537720,38743100
2025-04-29,208.69000244,212.24000549,208.36999512,211.21000671,209.91882324,36827600
2025-04-30,209.30000305,213.58000183,206.66999817,212.50000000,211.20095825,52286500
2025-05-01,209.08000183,214.55999756,208.89999390,213.32000732,212.01594543,57365700
2025-05-02,206.08999634,206.99000549,202.16000366,205.35000610,204.09466553,101010600
2025-05-05,203.10000610,204.10000610,198.21000671,198.88999939,197.67416382,69018500
2025-05-06,198.21000671,200.64999390,197.02000427,198.50999451,197.29646301,51216500
2025-05-07,199.16999817,199.44000244,193.25000000,196.25000000,195.05029297,68536700
2025-05-08,197.72000122,200.05000305,194.67999268,197.49000549,196.28269958,50478900
2025-05-09,199.00000000,200.53999329,197.53999329,198.52999878,197.31636047,36453900
2025-05-12,210.97000122,211.27000427,206.75000000,210.78999329,209.77613831,63775800
2025-05-13,210.42999268,213.39999390,209.00000000,212.92999268,211.90583801,51909300
2025-05-14,212.42999268,213.94000244,210.58000183,212.33000183,211.30871582,49325800
2025-05-15,210.94999695,212.96000671,209.53999329,211.44999695,210.43296814,45029500
2025-05-16,212.36000061,212.57000732,209.77000427,211.25999451,210.24388123,54737900
2025-05-19,207.91000366,209.47999573,204.25999451,208.77999878,207.77580261,46140500
2025-05-20,207.66999817,208.47000122,205.02999878,206.86000061,205.86505127,42496600
2025-05-21,205.16999817,207.03999329,200.71000671,202.08999634,201.11798096,59211800
2025-05-22,200.71000671,202.75000000,199.69999695,201.36000061,200.39147949,46742400
2025-05-23,193.66999817,197.69999695,193.46000671,195.27000427,194.33079529,78432900
2025-05-27,198.30000305,200.74000549,197.42999268,200.21000671,199.24703979,56288500
2025-05-28,200.58999634,202.72999573,199.89999390,200.41999817,199.45600891,45339700
2025-05-29,203.58000183,203.80999756,198.50999451,199.94999695,198.98826599,51396800
2025-05-30,199.36999512,201.96000671,196.77999878,200.85000610,199.88395691,70819900
2025-06-02,200.27999878,202.13000488,200.11999512,201.69999695,200.72985840,35423300
2025-06-03,201.35000610,203.77000427,200.96000671,203.27000427,202.29229736,46381600
2025-06-04,202.91000366,206.24000549,202.10000610,202.82000732,201.84448242,43604000
2025-06-05,203.50000000,204.75000000,200.14999390,200.63000488,199.66502380,55126100
2025-06-06,203.00000000,205.69999695,202.05000305,203.91999817,202.93917847,46607700
2025-06-09,204.38999939,206.00000000,200.02000427,201.44999695,200.48106384,72862600
2025-06-10,200.60000610,204.35000610,200.57000732,202.66999817,201.69517517,54672600
2025-06-11,203.50000000,204.50000000,198.41000366,198.77999878,197.82389832,60989900
2025-06-12,199.08000183,199.67999268,197.36000061,199.19999695,198.24188232,43904600
2025-06-13,199.72999573,200.36999512,195.69999695,196.44999695,195.50509644,51447300
2025-06-16,197.30000305,198.69000244,196.55999756,198.41999817,197.46565247,43020700
2025-06-17,197.19999695,198.38999939,195.21000671,195.63999939,194.69898987,38856200
2025-06-18,195.94000244,197.57000732,195.07000732,196.58000183,195.63446045,45394700
2025-06-20,198.24000549,201.69999695,196.86000061,201.00000000,200.03320312,96813500
2025-06-23,201.63000488,202.30000305,198.96000671,201.50000000,200.53082275,55814300
2025-06-24,202.58999634,203.44000244,200.19999695,200.30000305,199.33659363,54064000
2025-06-25,201.44999695,203.66999817,200.61999512,201.55999756,200.59054565,39525700
2025-06-26,201.42999268,202.63999939,199.46000671,201.00000000,200.03320312,50799100
2025-06-27,201.88999939,203.22000122,200.00000000,201.08000183,200.11282349,73188600
2025-06-30,202.00999451,207.38999939,199.25999451,205.16999817,204.18315125,91912800
2025-07-01,206.66999817,210.19000244,206.13999939,207.82000732,206.82041931,78788900
2025-07-02,208.91000366,213.33999634,208.13999939,212.44000244,211.41819763,67941800
2025-07-03,212.14999390,214.64999390,211.80999756,213.55000305,212.52287292,34955800
2025-07-07,212.67999268,216.22999573,208.80000305,209.94999695,208.94017029,50229000
2025-07-08,210.10000610,211.42999268,208.44999695,210.00999451,208.99989319,42848900
2025-07-09,209.52999878,211.33000183,207.22000122,211.13999939,210.12445068,48749400
2025-07-10,210.50999451,213.47999573,210.02999878,212.41000366,211.38833618,44443600
2025-07-11,210.57000732,212.13000488,209.86000061,211.16000366,210.14434814,39765800
2025-07-14,209.92999268,210.91000366,207.53999329,208.61999512,207.61656189,38840100
2025-07-15,209.22000122,211.88999939,208.91999817,209.11000061,208.10421753,42296300
2025-07-16,210.30000305,212.39999390,208.63999939,210.16000366,209.14918518,47490500
2025-07-17,210.57000732,211.80000305,209.58999634,210.02000427,209.00982666,48068100
2025-07-18,210.86999512,211.78999329,209.69999695,211.17999268,210.16424561,48974600
2025-07-21,212.10000610,215.77999878,211.63000488,212.47999573,211.45799255,51377400
2025-07-22,213.13999939,214.94999695,212.22999573,214.39999390,213.36878967,46404100
2025-07-23,215.00000000,215.14999390,212.41000366,214.14999390,213.11997986,46989300
2025-07-24,213.89999390,215.69000244,213.52999878,213.75999451,212.73184204,46022600
2025-07-25,214.69999695,215.24000549,213.39999390,213.88000488,212.85127258,40268800
2025-07-28,214.02999878,214.85000610,213.05999756,214.05000305,213.02047729,37858000
2025-07-29,214.17999268,214.80999756,210.82000732,211.27000427,210.25382996,51411700
2025-07-30,211.89999390,212.38999939,207.72000122,209.05000305,208.04450989,45512500
2025-07-31,208.49000549,209.83999634,207.16000366,207.57000732,206.57162476,80698400
2025-08-01,210.86999512,213.58000183,201.50000000,202.38000488,201.40660095,104434500
2025-08-04,204.50999451,207.88000488,201.67999268,203.35000610,202.37193298,75109300
2025-08-05,203.39999390,205.33999634,202.16000366,202.91999817,201.94398499,44155100
2025-08-06,205.63000488,215.38000488,205.58999634,213.25000000,212.22431946,108483100
2025-08-07,218.88000488,220.85000610,216.58000183,220.02999878,218.97169495,90224800
2025-08-08,220.83000183,231.00000000,219.25000000,229.35000610,228.24687195,113854000
2025-08-11,227.91999817,229.55999756,224.75999451,227.17999268,226.34388733,61806100
2025-08-12,228.00999451,230.80000305,227.07000732,229.64999390,228.80479431,55626200
2025-08-13,231.07000732,235.00000000,230.42999268,233.33000183,232.47125244,69878500
2025-08-14,234.05999756,235.11999512,230.85000610,232.77999878,231.92327881,51916300
2025-08-15,234.00000000,234.27999878,229.33999634,231.58999634,230.73764038,56038700
2025-08-18,231.69999695,233.11999512,230.11000061,230.88999939,230.04023743,37476200
2025-08-19,231.27999878,232.86999512,229.35000610,230.55999756,229.71144104,39402600
2025-08-20,229.97999573,230.47000122,225.77000427,226.00999451,225.17817688,42263900
2025-08-21,226.27000427,226.52000427,223.77999878,224.89999390,224.07226562,30621200
2025-08-22,226.16999817,229.08999634,225.41000366,227.75999451,226.92173767,42477800
2025-08-25,226.47999573,229.30000305,226.22999573,227.16000366,226.32395935,30983100
2025-08-26,226.86999512,229.49000549,224.69000244,229.30999756,228.46604919,54575100
2025-08-27,228.61000061,230.89999390,228.25999451,230.49000549,229.64170837,31259500
2025-08-28,230.82000732,233.41000366,229.33999634,232.55999756,231.70410156,38074700
2025-08-29,232.50999451,233.38000488,231.36999512,232.13999939,231.28562927,39418400
2025-09-02,229.25000000,230.85000610,226.97000122,229.72000122,228.87455750,44075600
2025-09-03,237.21000671,238.85000610,234.36000061,238.47000122,237.59233093,66427800
2025-09-04,238.44999695,239.89999390,236.74000549,239.77999878,238.89750671,47549400
2025-09-05,240.00000000,241.32000732,238.49000549,239.69000244,238.80786133,54870400
2025-09-08,239.30000305,240.14999390,236.33999634,237.88000488,237.00451660,48999500
2025-09-09,237.00000000,238.77999878,233.36000061,234.35000610,233.48751831,66313900
2025-09-10,232.19000244,232.41999817,225.94999695,226.78999329,225.95532227,83440800
2025-09-11,226.88000488,230.44999695,226.64999390,230.02999878,229.18339539,50208600
2025-09-12,229.22000122,234.50999451,229.02000427,234.07000732,233.20854187,55824200
2025-09-15,237.00000000,238.19000244,235.02999878,236.69999695,235.82884216,42699500
2025-09-16,237.17999268,241.22000122,236.32000732,238.14999390,237.27351379,63421100
2025-09-17,238.97000122,240.10000610,237.72999573,238.99000549,238.11042786,46508000
2025-09-18,239.97000122,241.19999695,236.64999390,237.88000488,237.00451660,44249600
2025-09-19,241.22999573,246.30000305,240.21000671,245.50000000,244.59646606,163741300
2025-09-22,248.30000305,256.64001465,248.11999512,256.07998657,255.13751221,105517400
2025-09-23,255.88000488,257.33999634,253.58000183,254.42999268,253.49360657,60275200
2025-09-24,255.22000122,255.74000549,251.03999329,252.30999756,251.38139343,42303700
2025-09-25,253.21000671,257.17001343,251.71000671,256.86999512,255.92462158,55202100
2025-09-26,254.10000610,257.60000610,253.77999878,255.46000671,254.51980591,46076300
2025-09-29,254.55999756,255.00000000,253.00999451,254.42999268,253.49360657,40127700
2025-09-30,254.86000061,255.91999817,253.11000061,254.63000488,253.69288635,37704300
2025-10-01,255.03999329,258.79000854,254.92999268,255.44999695,254.50984192,48713900
2025-10-02,256.57998657,258.17999268,254.14999390,257.13000488,256.18365479,42630200
2025-10-03,254.66999817,259.23999023,253.94999695,258.01998901,257.07037354,49155600
2025-10-06,257.98999023,259.07000732,255.05000305,256.69000244,255.74526978,44664100
2025-10-07,256.80999756,257.39999390,255.42999268,256.48001099,255.53607178,31955800
2025-10-08,256.51998901,258.51998901,256.10998535,258.05999756,257.11026001,36496900
2025-10-09,257.80999756,258.00000000,253.13999939,254.03999329,253.10502625,38322000
2025-10-10,254.94000244,256.38000488,244.00000000,245.27000427,244.36732483,61999100
2025-10-13,249.38000488,249.69000244,245.55999756,247.66000366,246.74851990,38142900
2025-10-14,246.60000610,248.85000610,244.69999695,247.77000427,246.85810852,35478000
2025-10-15,249.49000549,251.82000732,247.47000122,249.33999634,248.42233276,33893600
2025-10-16,248.25000000,249.03999329,245.13000488,247.44999695,246.53927612,39777000
2025-10-17,248.02000427,253.38000488,247.27000427,252.28999329,251.36146545,49147000
2025-10-20,255.88999939,264.38000488,255.63000488,262.23999023,261.27484131,90483000
2025-10-21,261.88000488,265.29000854,261.82998657,262.76998901,261.80288696,46695900
2025-10-22,262.64999390,262.85000610,255.42999268,258.45001221,257.49880981,45015300
2025-10-23,259.94000244,260.61999512,258.01000977,259.57998657,258.62460327,32754900
2025-10-24,261.19000244,264.13000488,259.17999268,262.82000732,261.85272217,38253700
2025-10-27,264.88000488,269.11999512,264.64999390,268.80999756,267.82064819,44888200
2025-10-28,268.98999023,269.89001465,268.14999390,269.00000000,268.00994873,41534800
2025-10-29,269.27999878,271.41000366,267.10998535,269.70001221,268.70739746,51086700
2025-10-30,271.98999023,274.14001465,268.48001099,271.39999390,270.40112305,69886500
2025-10-31,276.98999023,277.32000732,269.16000366,270.36999512,269.37493896,86167100
2025-11-03,270.42001343,270.85000610,266.25000000,269.04998779,268.05978394,50194600
2025-11-04,268.32998657,271.48999023,267.61999512,270.04000854,269.04614258,49274800
2025-11-05,268.60998535,271.70001221,266.92999268,270.14001465,269.14581299,43683100
2025-11-06,267.89001465,273.39999390,267.89001465,269.76998901,268.77713013,51204000
2025-11-07,269.79998779,272.29000854,266.76998901,268.47000122,267.48193359,48227400
2025-11-10,268.95999146,273.73001099,267.45999146,269.42999268,268.69857788,41312400
2025-11-11,269.80999756,275.91000366,269.79998779,275.25000000,274.50280762,46208300
2025-11-12,275.00000000,275.73001099,271.70001221,273.47000122,272.72766113,48398000
2025-11-13,274.10998535,276.70001221,272.08999634,272.95001221,272.20907593,49602800
2025-11-14,271.04998779,275.95999146,269.60000610,272.41000366,271.67053223,47431300
2025-11-17,268.82000732,270.48999023,265.73001099,267.45999146,266.73397827,45018300
2025-11-18,269.98999023,270.70999146,265.32000732,267.44000244,266.71398926,45677300
2025-11-19,265.52999878,272.20999146,265.50000000,268.55999756,267.83099365,40424500
2025-11-20,270.82998657,275.42999268,265.92001343,266.25000000,265.52725220,45823600
2025-11-21,265.95001221,273.32998657,265.67001343,271.48999023,270.75299072,59030800
2025-11-24,270.89999390,277.00000000,270.89999390,275.92001343,275.17102051,65585800
2025-11-25,275.26998901,280.38000488,275.25000000,276.97000122,276.21817017,46914200
2025-11-26,276.95999146,279.52999878,276.63000488,277.54998779,276.79656982,33431400
2025-11-28,277.26000977,279.00000000,275.98999023,278.85000610,278.09304810,20135600
2025-12-01,278.01000977,283.42001343,276.14001465,283.10000610,282.33151245,46587700
2025-12-02,283.00000000,287.39999390,282.63000488,286.19000244,285.41311646,53669500
2025-12-03,286.20001221,288.61999512,283.29998779,284.14999390,283.37863159,43538700
2025-12-04,284.10000610,284.73001099,278.58999634,280.70001221,279.93801880,43989100
2025-12-05,280.54000854,281.14001465,278.04998779,278.77999878,278.02322388,47265800
2025-12-08,278.13000488,279.67001343,276.14999390,277.89001465,277.13568115,38211800
2025-12-09,278.16000366,280.02999878,276.92001343,277.17999268,276.42758179,32193300
2025-12-10,277.75000000,279.75000000,276.44000244,278.77999878,278.02322388,33038300
2025-12-11,279.10000610,279.58999634,273.80999756,278.02999878,277.27526855,33248000
2025-12-12,277.89999390,279.22000122,276.82000732,278.27999878,277.52459717,39532900
2025-12-15,280.14999390,280.14999390,272.83999634,274.10998535,273.36587524,50409100
2025-12-16,272.82000732,275.50000000,271.79000854,274.60998535,273.86453247,37648600
2025-12-17,275.01000977,276.16000366,271.64001465,271.83999634,271.10208130,50138700
2025-12-18,273.60998535,273.63000488,266.95001221,272.19000244,271.45111084,51630700
2025-12-19,272.14999390,274.60000610,269.89999390,273.67001343,272.92715454,144632000
2025-12-22,272.85998535,273.88000488,270.51000977,270.97000122,270.23443604,36571800
2025-12-23,270.83999634,272.50000000,269.55999756,272.35998535,271.62066650,29642000
2025-12-24,272.33999634,275.42999268,272.20001221,273.80999756,273.06671143,17910600
2025-12-26,274.16000366,275.36999512,272.85998535,273.39999390,272.65783691,21521800
2025-12-29,272.69000244,274.35998535,272.35000610,273.76000977,273.01687622,23715200
2025-12-30,272.80999756,274.07998657,272.27999878,273.07998657,272.33868408,22139600
2025-12-31,273.05999756,273.67999268,271.75000000,271.85998535,271.12200928,27293600
